,Unnamed: 0,Unnamed: 0.1,index,season,team,description,attackspeed,statF,shotsF,goalsF,xGF,shotsA,goalsA,xGA,xGD,xGF/Sh,xGA/Sh,team_id
0,0,0,Fast,2014,Aston_Villa,Aston Villa xG stats for the 2014/2015 season ,Fast,Fast,27,3,3.79197229165584,34.0,8.0,5.890446720644832,-2.098474428988993,0.1404434182094755,0.1732484329601421,71
1,1,1,Normal,2014,Aston_Villa,Aston Villa xG stats for the 2014/2015 season ,Normal,Normal,251,16,17.34502517990768,296.0,29.0,30.14482699893415,-12.79980181902647,0.0691036859757278,0.10184063175315593,71
2,2,2,Slow,2014,Aston_Villa,Aston Villa xG stats for the 2014/2015 season ,Slow,Slow,19,1,0.8181363996118307,34.0,5.0,3.57053439412266,-2.752397994510829,0.04305981050588583,0.10501571747419587,71
3,3,3,Standard,2014,Aston_Villa,Aston Villa xG stats for the 2014/2015 season ,Standard,Standard,120,11,11.239094268530607,117.0,15.0,11.959394648205487,-0.7203003796748817,0.09365911890442173,0.10221704827526057,71
4,4,0,Fast,2014,Everton,Everton xG stats for the 2014/2015 season ,Fast,Fast,27,6,4.395176229067147,22.0,2.0,2.7855997141450644,1.6095765149220824,0.1627843047802647,0.12661816882477564,72
5,5,1,Normal,2014,Everton,Everton xG stats for the 2014/2015 season ,Normal,Normal,309,25,23.650299212895327,336.0,31.0,30.146115854382515,-6.495816641487181,0.07653818515500108,0.08972058289994796,72
6,6,2,Slow,2014,Everton,Everton xG stats for the 2014/2015 season ,Slow,Slow,26,2,3.329981167335063,24.0,3.0,1.9824277376756072,1.347553429659456,0.12807619874365628,0.08260115573648362,72
7,7,3,Standard,2014,Everton,Everton xG stats for the 2014/2015 season ,Standard,Standard,123,15,15.715902213007213,123.0,14.0,13.651591972447932,2.06431024055928,0.1277715627073757,0.1109885526215279,72
8,8,0,Fast,2014,Southampton,Southampton xG stats for the 2014/2015 season ,Fast,Fast,26,4,3.069440972991288,19.0,4.0,4.627568921074271,-1.5581279480829835,0.11805542203812645,0.243556259003909,74
9,9,1,Normal,2014,Southampton,Southampton xG stats for the 2014/2015 season ,Normal,Normal,332,36,39.49226045701653,240.0,21.0,21.821111822035164,17.671148634981364,0.1189525917380016,0.09092129925847983,74
10,10,2,Slow,2014,Southampton,Southampton xG stats for the 2014/2015 season ,Slow,Slow,27,5,4.798005649819969,18.0,0.0,0.8632824392989278,3.9347232105210415,0.1777039129562952,0.0479601355166071,74
11,11,3,Standard,2014,Southampton,Southampton xG stats for the 2014/2015 season ,Standard,Standard,130,9,13.472076194360852,108.0,8.0,12.263635009527205,1.2084411848336458,0.10363135534123732,0.1135521760141408,74
12,12,0,Fast,2014,Leicester,Leicester xG stats for the 2014/2015 season ,Fast,Fast,49,8,8.713733399286866,40.0,3.0,5.491104356013238,3.2226290432736278,0.17783129386299726,0.13727760890033094,75
13,13,1,Normal,2014,Leicester,Leicester xG stats for the 2014/2015 season ,Normal,Normal,270,21,26.19268792262301,327.0,31.0,32.83574645128101,-6.643058528658003,0.0970099552689741,0.10041512676232724,75
14,14,2,Slow,2014,Leicester,Leicester xG stats for the 2014/2015 season ,Slow,Slow,10,2,1.539356991648674,31.0,3.0,4.4720979440025985,-2.9327409523539245,0.1539356991648674,0.14426122400008382,75
15,15,3,Standard,2014,Leicester,Leicester xG stats for the 2014/2015 season ,Standard,Standard,129,15,13.113652777858078,165.0,18.0,20.009907477535307,-6.896254699677229,0.10165622308417116,0.12127216653051702,75
16,16,0,Fast,2014,West_Bromwich_Albion,West Bromwich Albion xG stats for the 2014/2015 season ,Fast,Fast,9,0,0.7589376466348767,28.0,3.0,2.77216749638319,-2.013229849748313,0.08432640518165296,0.09900598201368536,76
17,17,1,Normal,2014,West_Bromwich_Albion,West Bromwich Albion xG stats for the 2014/2015 season ,Normal,Normal,256,13,20.143560567405075,346.0,25.0,28.818899862002574,-8.675339294597508,0.07868578346642607,0.08329161809827336,76
18,18,2,Slow,2014,West_Bromwich_Albion,West Bromwich Albion xG stats for the 2014/2015 season ,Slow,Slow,27,2,1.7013091854751108,28.0,1.0,0.755902508739382,0.945406676735729,0.06301145131389299,0.026996518169263645,76
19,19,3,Standard,2014,West_Bromwich_Albion,West Bromwich Albion xG stats for the 2014/2015 season ,Standard,Standard,120,23,17.633527372032407,145.0,22.0,22.107008565217253,-4.4734811931848535,0.14694606143360334,0.15246212803598108,76
20,20,0,Fast,2014,Sunderland,Sunderland xG stats for the 2014/2015 season ,Fast,Fast,22,2,2.2994873160496354,23.0,2.0,2.499627797864377,-0.2001404818147421,0.10452215072952888,0.10867946947236423,77
21,21,1,Normal,2014,Sunderland,Sunderland xG stats for the 2014/2015 season ,Normal,Normal,253,16,25.153756553307176,443.0,36.0,36.81444838363677,-11.660691830329595,0.0994219626612932,0.08310259228811913,77
22,22,2,Slow,2014,Sunderland,Sunderland xG stats for the 2014/2015 season ,Slow,Slow,12,0,0.3199499947950244,40.0,6.0,3.786309957504273,-3.466359962709248,0.02666249956625204,0.0946577489376068,77
23,23,3,Standard,2014,Sunderland,Sunderland xG stats for the 2014/2015 season ,Standard,Standard,122,13,10.850116243585944,125.0,9.0,13.479449005797505,-2.6293327622115608,0.08893537904578643,0.10783559204638003,77
24,24,0,Fast,2014,Crystal_Palace,Crystal Palace xG stats for the 2014/2015 season ,Fast,Fast,36,1,3.4862475153058767,20.0,4.0,2.4869059091433883,0.9993416061624883,0.09684020875849657,0.1243452954571694,78
25,25,1,Normal,2014,Crystal_Palace,Crystal Palace xG stats for the 2014/2015 season ,Normal,Normal,247,21,20.337871443014592,334.0,29.0,26.98206111323089,-6.644189670216293,0.08233956049803479,0.08078461411146971,78
26,26,2,Slow,2014,Crystal_Palace,Crystal Palace xG stats for the 2014/2015 season ,Slow,Slow,9,0,1.1644374220632017,21.0,0.0,0.9606892671436073,0.20374815491959453,0.12938193578480015,0.04574710795921939,78
27,27,3,Standard,2014,Crystal_Palace,Crystal Palace xG stats for the 2014/2015 season ,Standard,Standard,151,25,22.009671784937378,151.0,18.0,16.29036988504231,5.719301899895072,0.1457594157942873,0.10788324427180336,78
28,28,0,Fast,2014,Chelsea,Chelsea xG stats for the 2014/2015 season ,Fast,Fast,32,4,4.1991333179175845,26.0,1.0,2.871305782813579,1.3278275351040063,0.13122291618492454,0.11043483780052228,80
29,29,1,Normal,2014,Chelsea,Chelsea xG stats for the 2014/2015 season ,Normal,Normal,375,45,44.88675412070006,281.0,19.0,19.151182276196774,25.735571844503284,0.1196980109885335,0.06815367358077146,80
30,30,2,Slow,2014,Chelsea,Chelsea xG stats for the 2014/2015 season ,Slow,Slow,35,5,3.346695981919765,23.0,2.0,1.830779576674104,1.5159164052456615,0.0956198851977076,0.07959911202930886,80
31,31,3,Standard,2014,Chelsea,Chelsea xG stats for the 2014/2015 season ,Standard,Standard,123,19,19.478731472045183,87.0,10.0,8.953869108110666,10.524862363934515,0.1583636705044324,0.10291803572540996,80
32,32,0,Fast,2014,West_Ham,West Ham xG stats for the 2014/2015 season ,Fast,Fast,37,4,3.764562061056495,40.0,5.0,4.254687286913395,-0.4901252258569002,0.10174492056909444,0.10636718217283488,81
33,33,1,Normal,2014,West_Ham,West Ham xG stats for the 2014/2015 season ,Normal,Normal,279,25,24.885123920626945,393.0,27.0,37.976402414497,-13.091278493870053,0.08919399254704996,0.09663206721246052,81
34,34,2,Slow,2014,West_Ham,West Ham xG stats for the 2014/2015 season ,Slow,Slow,20,1,0.7383586405776441,18.0,1.0,1.5761046996340156,-0.8377460590563715,0.0369179320288822,0.08756137220188975,81
35,35,3,Standard,2014,West_Ham,West Ham xG stats for the 2014/2015 season ,Standard,Standard,154,14,18.55743335187435,139.0,14.0,16.92623845115304,1.6311949007213116,0.12050281397321007,0.12177149964858305,81
36,36,0,Fast,2014,Tottenham,Tottenham xG stats for the 2014/2015 season ,Fast,Fast,35,3,5.487114365212619,44.0,6.0,5.79200972802937,-0.30489536281675106,0.15677469614893194,0.13163658472794024,82
37,37,1,Normal,2014,Tottenham,Tottenham xG stats for the 2014/2015 season ,Normal,Normal,340,32,29.489413972012702,295.0,34.0,35.152321428991854,-5.662907456979156,0.0867335705059197,0.1191604116237012,82
38,38,2,Slow,2014,Tottenham,Tottenham xG stats for the 2014/2015 season ,Slow,Slow,24,4,2.973744595423341,16.0,1.0,1.7538038110360503,1.2199407843872905,0.12390602480930585,0.10961273818975313,82
39,39,3,Standard,2014,Tottenham,Tottenham xG stats for the 2014/2015 season ,Standard,Standard,130,19,17.19791273260489,137.0,12.0,17.283774012234062,-0.0858612796291709,0.13229163640465302,0.12615893439586906,82
40,40,0,Fast,2014,Arsenal,Arsenal xG stats for the 2014/2015 season ,Fast,Fast,38,7,7.383083830587566,34.0,5.0,5.503044983372092,1.8800388472154737,0.19429167975230435,0.16185426421682625,83
41,41,1,Normal,2014,Arsenal,Arsenal xG stats for the 2014/2015 season ,Normal,Normal,419,41,47.43196348752826,242.0,14.0,17.825930427294225,29.60603306023404,0.11320277681987652,0.07366086953427366,83
42,42,2,Slow,2014,Arsenal,Arsenal xG stats for the 2014/2015 season ,Slow,Slow,29,2,3.034416268579662,27.0,2.0,2.648630540817976,0.38578572776168585,0.10463504374412627,0.09809742743770282,83
43,43,3,Standard,2014,Arsenal,Arsenal xG stats for the 2014/2015 season ,Standard,Standard,126,21,15.538872410543265,104.0,15.0,11.017206353135409,4.521666057407857,0.12332438421066085,0.10593467647245584,83
44,44,0,Fast,2014,Swansea,Swansea xG stats for the 2014/2015 season ,Fast,Fast,21,2,3.795036880299449,30.0,4.0,4.359279943630098,-0.5642430633306503,0.18071604191902133,0.14530933145433664,84
45,45,1,Normal,2014,Swansea,Swansea xG stats for the 2014/2015 season ,Normal,Normal,279,35,27.74784929864109,379.0,30.0,37.8993796161376,-10.151530317496508,0.09945465698437664,0.09999836310326543,84
46,46,2,Slow,2014,Swansea,Swansea xG stats for the 2014/2015 season ,Slow,Slow,23,1,1.7202301220968366,33.0,5.0,2.3643787479959437,-0.6441486258991063,0.07479261400421029,0.0716478408483619,84
47,47,3,Standard,2014,Swansea,Swansea xG stats for the 2014/2015 season ,Standard,Standard,106,8,11.272923893295227,113.0,10.0,13.067886183038356,-1.7949622897431254,0.10634833861599273,0.11564501046936596,84
48,48,0,Fast,2014,Stoke,Stoke xG stats for the 2014/2015 season ,Fast,Fast,39,5,3.689977104775608,34.0,3.0,5.105614672414959,-1.415637567639351,0.09461479755834892,0.15016513742396936,85
49,49,1,Normal,2014,Stoke,Stoke xG stats for the 2014/2015 season ,Normal,Normal,312,32,30.168453907128423,277.0,24.0,28.75091677997261,1.4175371271558106,0.09669376252284753,0.10379392339340293,85
50,50,2,Slow,2014,Stoke,Stoke xG stats for the 2014/2015 season ,Slow,Slow,20,2,1.5588302835822103,17.0,0.0,0.8027121331542729,0.7561181504279375,0.07794151417911052,0.04721836077378077,85
51,51,3,Standard,2014,Stoke,Stoke xG stats for the 2014/2015 season ,Standard,Standard,132,9,13.023369973059745,127.0,18.0,13.731419277377427,-0.708049304317683,0.09866189373530107,0.10812141163289313,85
52,52,0,Fast,2014,Newcastle_United,Newcastle United xG stats for the 2014/2015 season ,Fast,Fast,31,3,4.1173940068110815,35.0,8.0,6.284010162577032,-2.1666161557659507,0.13281916151003492,0.17954314750220093,86
53,53,1,Normal,2014,Newcastle_United,Newcastle United xG stats for the 2014/2015 season ,Normal,Normal,282,28,24.68134333286434,280.0,37.0,30.97739603463561,-6.296052701771259,0.08752249408817142,0.11063355726655573,86
54,54,2,Slow,2014,Newcastle_United,Newcastle United xG stats for the 2014/2015 season ,Slow,Slow,16,1,0.5189277669414878,16.0,2.0,1.1435772804543376,-0.6246495135128498,0.03243298543384299,0.0714735800283961,86
55,55,3,Standard,2014,Newcastle_United,Newcastle United xG stats for the 2014/2015 season ,Standard,Standard,139,8,11.391520548146215,116.0,16.0,14.073084541596472,-2.6815639934502538,0.081953385238462,0.12131969432410752,86
56,56,0,Fast,2014,Liverpool,Liverpool xG stats for the 2014/2015 season ,Fast,Fast,36,4,5.203017038293184,27.0,3.0,2.879599319770932,2.3234177185222507,0.14452825106369951,0.10665182665818268,87
57,57,1,Normal,2014,Liverpool,Liverpool xG stats for the 2014/2015 season ,Normal,Normal,402,29,34.68859880371019,241.0,26.0,21.953886238858104,12.734712564852087,0.08629004677539849,0.09109496364671413,87
58,58,2,Slow,2014,Liverpool,Liverpool xG stats for the 2014/2015 season ,Slow,Slow,26,6,2.924882741179317,26.0,3.0,2.680487954989076,0.2443947861902416,0.11249549004535836,0.1030956905765029,87
59,59,3,Standard,2014,Liverpool,Liverpool xG stats for the 2014/2015 season ,Standard,Standard,130,13,13.379444940015675,123.0,16.0,13.94955784920603,-0.5701129091903567,0.1029188072308898,0.11341103942443928,87
60,60,0,Fast,2014,Manchester_City,Manchester City xG stats for the 2014/2015 season ,Fast,Fast,39,10,7.7725092973560095,24.0,3.0,1.7692520851269364,6.003257212229072,0.1992951101886156,0.07371883688028902,88
61,61,1,Normal,2014,Manchester_City,Manchester City xG stats for the 2014/2015 season ,Normal,Normal,451,49,48.84660988394171,232.0,18.0,23.05317269824445,25.79343718569725,0.10830733898878428,0.09936712369932954,88
62,62,2,Slow,2014,Manchester_City,Manchester City xG stats for the 2014/2015 season ,Slow,Slow,37,5,3.452081855386496,15.0,3.0,3.742262598592788,-0.2901807432062924,0.09329950960504042,0.2494841732395192,88
63,63,3,Standard,2014,Manchester_City,Manchester City xG stats for the 2014/2015 season ,Standard,Standard,144,19,17.948392153717574,119.0,14.0,15.820042838342488,2.1283493153750896,0.12464161217859428,0.13294153645665954,88
64,64,0,Fast,2014,Manchester_United,Manchester United xG stats for the 2014/2015 season ,Fast,Fast,14,5,4.196416534483434,24.0,3.0,5.522310699336232,-1.3258941648527978,0.29974403817738804,0.2300962791390096,89
65,65,1,Normal,2014,Manchester_United,Manchester United xG stats for the 2014/2015 season ,Normal,Normal,321,36,33.2180335232988,223.0,18.0,20.804498278535906,12.413535244762896,0.10348297047756637,0.09329371425352424,89
66,66,2,Slow,2014,Manchester_United,Manchester United xG stats for the 2014/2015 season ,Slow,Slow,55,5,3.7787453085184097,6.0,1.0,1.227652220055461,2.551093088462949,0.06870446015488017,0.2046087033425769,89
67,67,3,Standard,2014,Manchester_United,Manchester United xG stats for the 2014/2015 season ,Standard,Standard,125,16,16.059022519737482,130.0,15.0,13.879884454421699,2.1791380653157835,0.12847218015789985,0.10676834195709,89
68,68,0,Fast,2014,Hull,Hull xG stats for the 2014/2015 season ,Fast,Fast,28,4,2.0556907672435045,26.0,3.0,2.9003543029539287,-0.8446635357104242,0.07341752740155373,0.1115520885751511,91
69,69,1,Normal,2014,Hull,Hull xG stats for the 2014/2015 season ,Normal,Normal,271,20,20.784602876286954,326.0,35.0,32.830389129929245,-12.045786253642287,0.07669595157301459,0.10070671512248236,91
70,70,2,Slow,2014,Hull,Hull xG stats for the 2014/2015 season ,Slow,Slow,13,1,1.3706919429823756,15.0,6.0,1.083295593969524,0.2873963490128517,0.10543784176787503,0.07221970626463492,91
71,71,3,Standard,2014,Hull,Hull xG stats for the 2014/2015 season ,Standard,Standard,118,8,9.703755986876788,136.0,7.0,11.062736612744631,-1.3589806258678436,0.08223522022776937,0.08134365156429875,91
72,72,0,Fast,2014,Burnley,Burnley xG stats for the 2014/2015 season ,Fast,Fast,31,2,3.718515722546728,42.0,3.0,5.146742063574493,-1.4282263410277665,0.11995212008215245,0.1225414777041546,92
73,73,1,Normal,2014,Burnley,Burnley xG stats for the 2014/2015 season ,Normal,Normal,273,18,24.673812604509287,361.0,33.0,33.79377394169569,-9.119961337186396,0.09038026595058347,0.09361156216536204,92
74,74,2,Slow,2014,Burnley,Burnley xG stats for the 2014/2015 season ,Slow,Slow,14,1,1.0586062083020806,22.0,1.0,1.8542972952127457,-0.795691086910665,0.07561472916443432,0.08428624069148842,92
75,75,3,Standard,2014,Burnley,Burnley xG stats for the 2014/2015 season ,Standard,Standard,113,7,11.009836693294346,169.0,16.0,19.607418850529946,-8.597582157235593,0.09743218312649864,0.11602022988479252,92
76,76,0,Fast,2014,Queens_Park_Rangers,Queens Park Rangers xG stats for the 2014/2015 season ,Fast,Fast,41,4,3.3458143719471987,46.0,8.0,6.301628723740578,-2.9558143517933786,0.08160522858407802,0.13699192877696909,202
77,77,1,Normal,2014,Queens_Park_Rangers,Queens Park Rangers xG stats for the 2014/2015 season ,Normal,Normal,323,20,25.239935215562586,393.0,41.0,41.32549653248861,-16.085561316926032,0.07814221428966743,0.10515393519717203,202
78,78,2,Slow,2014,Queens_Park_Rangers,Queens Park Rangers xG stats for the 2014/2015 season ,Slow,Slow,17,2,2.7112056175246835,29.0,3.0,3.759367442689837,-1.0481618251651523,0.15948268338380492,0.12963336009275298,202
79,79,3,Standard,2014,Queens_Park_Rangers,Queens Park Rangers xG stats for the 2014/2015 season ,Standard,Standard,157,16,19.14538042061031,158.0,21.0,18.60616285447032,0.539217566139996,0.12194509822044786,0.11776052439538172,202
80,0,0,Fast,2015,Aston_Villa,Aston Villa xG stats for the 2015/2016 season ,Fast,Fast,23,2,2.0811625951901083,22.0,4.0,3.597876735962928,-1.5167141407728195,0.09048533022565686,0.16353985163467852,71
81,1,1,Normal,2015,Aston_Villa,Aston Villa xG stats for the 2015/2016 season ,Normal,Normal,234,13,13.737154420465233,295.0,48.0,38.374330745078616,-24.63717632461339,0.058705788121646285,0.13008247710196144,71
82,2,2,Slow,2015,Aston_Villa,Aston Villa xG stats for the 2015/2016 season ,Slow,Slow,16,1,1.7235858766362069,34.0,5.0,4.977884697727858,-3.254298821091652,0.10772411728976294,0.1464083734625841,71
83,3,3,Standard,2015,Aston_Villa,Aston Villa xG stats for the 2015/2016 season ,Standard,Standard,110,11,12.143860462121664,153.0,19.0,16.389251112006605,-4.245390649884939,0.11039873147383332,0.10711928831376866,71
84,4,0,Fast,2015,Everton,Everton xG stats for the 2015/2016 season ,Fast,Fast,27,7,4.543129848316311,37.0,6.0,5.824686697684228,-1.2815568493679166,0.1682640684561597,0.15742396480227644,72
85,5,1,Normal,2015,Everton,Everton xG stats for the 2015/2016 season ,Normal,Normal,321,35,33.89956422615796,351.0,29.0,29.892481645569205,4.007082580588759,0.10560611908460424,0.08516376537199204,72
86,6,2,Slow,2015,Everton,Everton xG stats for the 2015/2016 season ,Slow,Slow,21,4,2.8453647922724485,22.0,1.0,0.9750269427895546,1.870337849482894,0.13549356153678327,0.0443194064904343,72
87,7,3,Standard,2015,Everton,Everton xG stats for the 2015/2016 season ,Standard,Standard,125,13,16.44624238833785,145.0,19.0,19.21049165539443,-2.7642492670565844,0.1315699391067028,0.13248614934754782,72
88,8,0,Fast,2015,Bournemouth,Bournemouth xG stats for the 2015/2016 season ,Fast,Fast,17,1,1.7580582397058606,35.0,5.0,6.475450056605041,-4.71739181689918,0.10341519057093296,0.1850128587601441,73
89,9,1,Normal,2015,Bournemouth,Bournemouth xG stats for the 2015/2016 season ,Normal,Normal,297,27,24.11586875375361,279.0,42.0,31.27736945077777,-7.161500697024168,0.08119821129209967,0.11210526684866584,73
90,10,2,Slow,2015,Bournemouth,Bournemouth xG stats for the 2015/2016 season ,Slow,Slow,29,3,3.3031106535345316,18.0,2.0,1.2051114393398166,2.097999214194715,0.11390036736325973,0.0669506355188787,73
91,11,3,Standard,2015,Bournemouth,Bournemouth xG stats for the 2015/2016 season ,Standard,Standard,123,14,11.65823969617486,107.0,18.0,15.520070943050086,-3.8618312468752265,0.09478243655426716,0.1450473919911223,73
92,12,0,Fast,2015,Southampton,Southampton xG stats for the 2015/2016 season ,Fast,Fast,43,6,6.089150689076632,29.0,5.0,4.215195709839462,1.873954979237169,0.14160815555992168,0.1453515762013608,74
93,13,1,Normal,2015,Southampton,Southampton xG stats for the 2015/2016 season ,Normal,Normal,330,34,32.21723800431937,285.0,21.0,27.4336752705276,4.7835627337917686,0.09762799395248294,0.09625850972114948,74
94,14,2,Slow,2015,Southampton,Southampton xG stats for the 2015/2016 season ,Slow,Slow,17,3,3.010240008123219,21.0,2.0,1.0485584689304233,1.9616815391927958,0.177072941654307,0.04993135566335349,74
95,15,3,Standard,2015,Southampton,Southampton xG stats for the 2015/2016 season ,Standard,Standard,131,16,18.088843180797998,127.0,13.0,12.071439833380284,6.017403347417713,0.13808277237250374,0.09505070734945104,74
96,16,0,Fast,2015,Leicester,Leicester xG stats for the 2015/2016 season ,Fast,Fast,63,13,12.145499423146248,28.0,1.0,3.2913502450101078,8.85414917813614,0.1927857051293055,0.11754822303607528,75
97,17,1,Normal,2015,Leicester,Leicester xG stats for the 2015/2016 season ,Normal,Normal,293,33,34.99925572890788,335.0,21.0,26.717909699771557,8.28134602913633,0.11945138474029995,0.07975495432767628,75
98,18,2,Slow,2015,Leicester,Leicester xG stats for the 2015/2016 season ,Slow,Slow,17,1,1.9469919512048364,16.0,1.0,0.590104297734797,1.3568876534700394,0.11452893830616685,0.03688151860842481,75
99,19,3,Standard,2015,Leicester,Leicester xG stats for the 2015/2016 season ,Standard,Standard,150,21,21.351689567789432,139.0,13.0,15.133454957045615,6.2182346107438216,0.14234459711859626,0.10887377666939292,75
100,20,0,Fast,2015,West_Bromwich_Albion,West Bromwich Albion xG stats for the 2015/2016 season ,Fast,Fast,18,1,2.1244648871943355,41.0,4.0,5.10763288103044,-2.983167993836105,0.11802582706635195,0.12457641173244975,76
101,21,1,Normal,2015,West_Bromwich_Albion,West Bromwich Albion xG stats for the 2015/2016 season ,Normal,Normal,234,17,18.74846217688173,358.0,27.0,33.56413305643946,-14.815670879557727,0.0801216332345373,0.09375456161016607,76
102,22,2,Slow,2015,West_Bromwich_Albion,West Bromwich Albion xG stats for the 2015/2016 season ,Slow,Slow,18,3,2.9430394675582647,22.0,3.0,2.718576265498996,0.22446320205926887,0.16350219264212582,0.12357164843177255,76
103,23,3,Standard,2015,West_Bromwich_Albion,West Bromwich Albion xG stats for the 2015/2016 season ,Standard,Standard,121,13,19.174890933558345,129.0,14.0,13.921141815371811,5.2537491181865335,0.1584701730046144,0.10791582802613807,76
104,24,0,Fast,2015,Sunderland,Sunderland xG stats for the 2015/2016 season ,Fast,Fast,38,7,5.801918136887253,33.0,8.0,5.51477725058794,0.2871408862993121,0.15268205623387507,0.1671144621390285,77
105,25,1,Normal,2015,Sunderland,Sunderland xG stats for the 2015/2016 season ,Normal,Normal,259,17,18.6562128001824,377.0,37.0,36.28633576165885,-17.630122961476445,0.07203170965321391,0.09625022748450622,77
106,26,2,Slow,2015,Sunderland,Sunderland xG stats for the 2015/2016 season ,Slow,Slow,14,4,2.539612204767764,33.0,2.0,3.2645218651741743,-0.7249096604064107,0.18140087176912603,0.09892490500527801,77
107,27,3,Standard,2015,Sunderland,Sunderland xG stats for the 2015/2016 season ,Standard,Standard,132,20,17.878455906175073,129.0,15.0,15.011128416284919,2.867327489890158,0.1354428477740536,0.1163653365603482,77
108,28,0,Fast,2015,Crystal_Palace,Crystal Palace xG stats for the 2015/2016 season ,Fast,Fast,31,2,4.6448225076310345,40.0,5.0,7.455124179832637,-2.810301672201604,0.1498329841171301,0.186378104495816,78
109,29,1,Normal,2015,Crystal_Palace,Crystal Palace xG stats for the 2015/2016 season ,Normal,Normal,261,16,21.40619073435664,356.0,30.0,32.60495521873236,-11.198764484375717,0.08201605645347372,0.09158695286160774,78
110,30,2,Slow,2015,Crystal_Palace,Crystal Palace xG stats for the 2015/2016 season ,Slow,Slow,17,2,1.8737812363542616,27.0,5.0,4.29381356947124,-2.4200323331169784,0.11022242566789776,0.1590301322026385,78
111,31,3,Standard,2015,Crystal_Palace,Crystal Palace xG stats for the 2015/2016 season ,Standard,Standard,161,19,15.740227477625012,149.0,11.0,13.423777603544295,2.3164498740807176,0.09776538805978267,0.09009246713788116,78
112,32,0,Fast,2015,Norwich,Norwich xG stats for the 2015/2016 season ,Fast,Fast,19,2,2.24867782369256,41.0,7.0,4.9227203484624615,-2.6740425247699022,0.11835146440487156,0.12006634996249907,79
113,33,1,Normal,2015,Norwich,Norwich xG stats for the 2015/2016 season ,Normal,Normal,264,22,22.08842826448381,307.0,39.0,35.690873065032065,-13.602444800548255,0.08366828888062049,0.11625691552127708,79
114,34,2,Slow,2015,Norwich,Norwich xG stats for the 2015/2016 season ,Slow,Slow,21,4,2.285897227935493,22.0,1.0,1.2121955174952743,1.0737017104402184,0.1088522489493092,0.055099796249785206,79
115,35,3,Standard,2015,Norwich,Norwich xG stats for the 2015/2016 season ,Standard,Standard,115,11,13.748129989951847,122.0,20.0,19.741434548050165,-5.993304558098316,0.1195489564343639,0.1618150372790997,79
116,36,0,Fast,2015,Chelsea,Chelsea xG stats for the 2015/2016 season ,Fast,Fast,36,6,5.6293874848634005,30.0,5.0,4.149656339548528,1.4797311453148725,0.1563718745795389,0.13832187798495096,80
117,37,1,Normal,2015,Chelsea,Chelsea xG stats for the 2015/2016 season ,Normal,Normal,335,31,32.901743056252606,334.0,34.0,29.35442611388862,3.547316942363977,0.09821415837687343,0.08788750333499587,80
118,38,2,Slow,2015,Chelsea,Chelsea xG stats for the 2015/2016 season ,Slow,Slow,39,7,6.432974126189947,14.0,2.0,2.608328126370907,3.8246459998190403,0.16494805451769096,0.1863091518836362,80
119,39,3,Standard,2015,Chelsea,Chelsea xG stats for the 2015/2016 season ,Standard,Standard,120,15,13.87486212234944,107.0,12.0,11.187203242443502,2.687658879905939,0.11562385101957867,0.10455330133124767,80
120,40,0,Fast,2015,West_Ham,West Ham xG stats for the 2015/2016 season ,Fast,Fast,34,3,4.8705722419545046,32.0,7.0,7.720892313867807,-2.850320071913302,0.1432521247633678,0.2412778848083689,81
121,41,1,Normal,2015,West_Ham,West Ham xG stats for the 2015/2016 season ,Normal,Normal,332,43,32.761025527026504,326.0,23.0,30.844144833739854,1.916880693286657,0.09867778773200754,0.09461394120779094,81
122,42,2,Slow,2015,West_Ham,West Ham xG stats for the 2015/2016 season ,Slow,Slow,28,0,1.4624563474208117,26.0,7.0,3.71574902581051,-2.2532926783896983,0.05223058383645756,0.142913424069635,81
123,43,3,Standard,2015,West_Ham,West Ham xG stats for the 2015/2016 season ,Standard,Standard,165,19,17.457942126318812,140.0,14.0,16.389688665047288,1.0682534612715244,0.10580570985647764,0.11706920475033775,81
124,44,0,Fast,2015,Tottenham,Tottenham xG stats for the 2015/2016 season ,Fast,Fast,45,6,5.842933771200478,29.0,3.0,4.066837309859694,1.776096461340785,0.12984297269334394,0.14023576930550666,82
125,45,1,Normal,2015,Tottenham,Tottenham xG stats for the 2015/2016 season ,Normal,Normal,429,38,42.009595166426145,266.0,21.0,20.772143498063084,21.237451668363065,0.09792446425740364,0.07809076503031236,82
126,46,2,Slow,2015,Tottenham,Tottenham xG stats for the 2015/2016 season ,Slow,Slow,33,2,0.9736900348216296,13.0,2.0,2.3170711779966946,-1.3433811431750655,0.02950575863095847,0.17823624446128422,82
127,47,3,Standard,2015,Tottenham,Tottenham xG stats for the 2015/2016 season ,Standard,Standard,152,23,16.092408357188106,117.0,9.0,13.132769346237184,2.9596390109509234,0.10587110761307963,0.11224589184818104,82
128,48,0,Fast,2015,Arsenal,Arsenal xG stats for the 2015/2016 season ,Fast,Fast,31,5,5.465090238489211,32.0,3.0,4.391769335139543,1.0733209033496678,0.17629323349965195,0.1372427917231107,83
129,49,1,Normal,2015,Arsenal,Arsenal xG stats for the 2015/2016 season ,Normal,Normal,387,43,53.48062945529818,291.0,19.0,18.473400293383747,35.00722916191444,0.13819284096976275,0.0634824752349957,83
130,50,2,Slow,2015,Arsenal,Arsenal xG stats for the 2015/2016 season ,Slow,Slow,28,4,5.091967155225575,24.0,4.0,3.5797873213887215,1.5121798338368535,0.1818559698294848,0.1491578050578634,83
131,51,3,Standard,2015,Arsenal,Arsenal xG stats for the 2015/2016 season ,Standard,Standard,129,13,13.39873630553484,106.0,10.0,10.507785198278725,2.8909511072561145,0.10386617291112278,0.09913004904036532,83
132,52,0,Fast,2015,Swansea,Swansea xG stats for the 2015/2016 season ,Fast,Fast,19,5,3.1509274379350245,24.0,2.0,3.46256186068058,-0.31163442274555564,0.16583828620710656,0.14427341086169085,84
133,53,1,Normal,2015,Swansea,Swansea xG stats for the 2015/2016 season ,Normal,Normal,287,23,23.702598926611252,339.0,24.0,33.767686126753695,-10.065087200142443,0.08258745270596253,0.09960969358924393,84
134,54,2,Slow,2015,Swansea,Swansea xG stats for the 2015/2016 season ,Slow,Slow,18,0,0.6720887692645192,22.0,4.0,4.3086516968905935,-3.636562927626074,0.03733826495913997,0.19584780440411784,84
135,55,3,Standard,2015,Swansea,Swansea xG stats for the 2015/2016 season ,Standard,Standard,118,14,14.158449079841375,141.0,22.0,19.29134374856949,-5.132894668728113,0.11998685660882524,0.13681804076999635,84
136,56,0,Fast,2015,Stoke,Stoke xG stats for the 2015/2016 season ,Fast,Fast,30,3,5.0624111155048,31.0,7.0,5.123474237509073,-0.06106312200427056,0.16874703718349338,0.16527336250029265,85
137,57,1,Normal,2015,Stoke,Stoke xG stats for the 2015/2016 season ,Normal,Normal,271,26,26.979968971107155,345.0,28.0,31.92287834733725,-4.942909376230091,0.09955708107419614,0.09253008216619492,85
138,58,2,Slow,2015,Stoke,Stoke xG stats for the 2015/2016 season ,Slow,Slow,21,0,0.9167954442091286,22.0,1.0,1.5468785110861063,-0.6300830668769777,0.04365692591472041,0.07031265959482301,85
139,59,3,Standard,2015,Stoke,Stoke xG stats for the 2015/2016 season ,Standard,Standard,97,12,10.777096369303763,137.0,19.0,16.071687750518322,-5.294591381214558,0.11110408628148208,0.11731158941984175,85
140,60,0,Fast,2015,Newcastle_United,Newcastle United xG stats for the 2015/2016 season ,Fast,Fast,27,4,2.867310198023916,25.0,3.0,3.83768701646477,-0.9703768184408544,0.10619667400088577,0.1535074806585908,86
141,61,1,Normal,2015,Newcastle_United,Newcastle United xG stats for the 2015/2016 season ,Normal,Normal,283,28,24.82459468906745,340.0,39.0,32.256681830622256,-7.432087141554803,0.08771941586242916,0.09487259361947722,86
142,62,2,Slow,2015,Newcastle_United,Newcastle United xG stats for the 2015/2016 season ,Slow,Slow,8,1,1.1610773010179398,38.0,4.0,4.111993579193951,-2.9509162781760097,0.1451346626272425,0.1082103573472092,86
143,63,3,Standard,2015,Newcastle_United,Newcastle United xG stats for the 2015/2016 season ,Standard,Standard,80,11,9.905159710906444,151.0,19.0,17.97992857452482,-8.074768863618374,0.12381449638633055,0.11907237466572727,86
144,64,0,Fast,2015,Liverpool,Liverpool xG stats for the 2015/2016 season ,Fast,Fast,31,3,4.695779631845653,27.0,3.0,2.7535445960238576,1.942235035821796,0.1514767623176017,0.1019831331860688,87
145,65,1,Normal,2015,Liverpool,Liverpool xG stats for the 2015/2016 season ,Normal,Normal,415,40,33.91671119257808,244.0,28.0,19.618738493416465,14.29797269916162,0.08172701492187487,0.08040466595662484,87
146,66,2,Slow,2015,Liverpool,Liverpool xG stats for the 2015/2016 season ,Slow,Slow,41,3,3.0036076158285137,23.0,2.0,2.3296470399945965,0.6739605758339167,0.07325872233728083,0.10128900173889556,87
147,67,3,Standard,2015,Liverpool,Liverpool xG stats for the 2015/2016 season ,Standard,Standard,143,17,14.120362344197929,106.0,17.0,14.654393047094345,-0.5340307028964162,0.09874379261676873,0.138248991010324,87
148,68,0,Fast,2015,Manchester_City,Manchester City xG stats for the 2015/2016 season ,Fast,Fast,33,6,7.033714095130563,19.0,5.0,4.6904222895391285,2.3432918055914342,0.2131428513675928,0.2468643310283752,88
149,69,1,Normal,2015,Manchester_City,Manchester City xG stats for the 2015/2016 season ,Normal,Normal,383,44,39.5675797527656,209.0,21.0,21.60267114872113,17.964908604044467,0.10330960770957076,0.10336206291254127,88
150,70,2,Slow,2015,Manchester_City,Manchester City xG stats for the 2015/2016 season ,Slow,Slow,26,3,1.3687998205423355,13.0,1.0,1.3065215134993196,0.062278307043015964,0.05264614694393598,0.10050165488456304,88
151,71,3,Standard,2015,Manchester_City,Manchester City xG stats for the 2015/2016 season ,Standard,Standard,173,18,19.608954190276567,97.0,14.0,11.308780114166439,8.300174076110125,0.11334655601315932,0.11658536200171585,88
152,72,0,Fast,2015,Manchester_United,Manchester United xG stats for the 2015/2016 season ,Fast,Fast,19,4,4.037034224718808,26.0,4.0,3.8238353934139013,0.2131988313049078,0.21247548551151627,0.14707059205438086,89
153,73,1,Normal,2015,Manchester_United,Manchester United xG stats for the 2015/2016 season ,Normal,Normal,274,31,29.37935630884021,224.0,16.0,21.247090271674093,8.132266037166119,0.10722392813445332,0.09485308156997364,89
154,74,2,Slow,2015,Manchester_United,Manchester United xG stats for the 2015/2016 season ,Slow,Slow,25,3,3.4558028001338243,20.0,1.0,1.5825287606567144,1.87327403947711,0.138232112005353,0.07912643803283573,89
155,75,3,Standard,2015,Manchester_United,Manchester United xG stats for the 2015/2016 season ,Standard,Standard,115,11,11.960524275898932,143.0,14.0,15.543454077094793,-3.58292980119586,0.10400455892086027,0.10869548305660696,89
156,76,0,Fast,2015,Watford,Watford xG stats for the 2015/2016 season ,Fast,Fast,30,2,3.51745331659913,33.0,1.0,3.1840031100437045,0.3334502065554261,0.11724844388663767,0.0964849427285971,90
157,77,1,Normal,2015,Watford,Watford xG stats for the 2015/2016 season ,Normal,Normal,289,20,24.39447208121419,317.0,34.0,32.084725365508355,-7.690253284294157,0.08440993799728093,0.1012136446861462,90
158,78,2,Slow,2015,Watford,Watford xG stats for the 2015/2016 season ,Slow,Slow,15,3,2.814238853752613,22.0,1.0,2.1321718697436154,0.6820669840089977,0.18761592358350754,0.09691690317016434,90
159,79,3,Standard,2015,Watford,Watford xG stats for the 2015/2016 season ,Standard,Standard,115,15,15.788341575302185,130.0,14.0,16.884191411547366,-1.0958498362451792,0.1372899267417581,0.12987839547344127,90
160,0,0,Fast,2016,Everton,Everton xG stats for the 2016/2017 season ,Fast,Fast,38,8,5.320115617476403,27.0,2.0,4.862116137519479,0.4579994799569249,0.14000304256516852,0.1800783754636844,72
161,1,1,Normal,2016,Everton,Everton xG stats for the 2016/2017 season ,Normal,Normal,317,36,31.492069632280607,241.0,23.0,23.99996955180541,7.492100080475211,0.09934406824063287,0.0995849358996075,72
162,2,2,Slow,2016,Everton,Everton xG stats for the 2016/2017 season ,Slow,Slow,18,1,1.677757766097784,28.0,4.0,2.54029754223302,-0.862539776135236,0.09320876478321022,0.09072491222260784,72
163,3,3,Standard,2016,Everton,Everton xG stats for the 2016/2017 season ,Standard,Standard,133,17,15.375000731088221,152.0,15.0,16.090966523624953,-0.7159657925367355,0.1156015092563024,0.10586162186595366,72
164,4,0,Fast,2016,Bournemouth,Bournemouth xG stats for the 2016/2017 season ,Fast,Fast,15,1,1.623704442754388,48.0,12.0,9.338485429529099,-7.714780986774713,0.10824696285029252,0.19455177978185625,73
165,5,1,Normal,2016,Bournemouth,Bournemouth xG stats for the 2016/2017 season ,Normal,Normal,283,32,31.007163546979427,326.0,35.0,34.571590518113226,-3.5644269711337984,0.10956594892925592,0.10604782367519394,73
166,6,2,Slow,2016,Bournemouth,Bournemouth xG stats for the 2016/2017 season ,Slow,Slow,33,4,3.475088896229863,36.0,5.0,4.385921026580037,-0.9108321303501724,0.10530572412817768,0.1218311396272232,73
167,7,3,Standard,2016,Bournemouth,Bournemouth xG stats for the 2016/2017 season ,Standard,Standard,124,18,16.966587557457387,147.0,15.0,20.311585310846567,-3.34499775338918,0.13682731901175313,0.1381740497336501,73
168,8,0,Fast,2016,Southampton,Southampton xG stats for the 2016/2017 season ,Fast,Fast,25,1,1.7680838238447905,32.0,4.0,3.562653728760779,-1.7945699049159884,0.07072335295379162,0.11133292902377434,74
169,9,1,Normal,2016,Southampton,Southampton xG stats for the 2016/2017 season ,Normal,Normal,372,24,31.723393596243113,254.0,21.0,20.081077257171273,11.642316339071838,0.08527793977484707,0.07905935928020186,74
170,10,2,Slow,2016,Southampton,Southampton xG stats for the 2016/2017 season ,Slow,Slow,25,5,3.0423523727804422,11.0,1.0,0.6957139102742076,2.3466384625062338,0.12169409491121767,0.06324671911583707,74
171,11,3,Standard,2016,Southampton,Southampton xG stats for the 2016/2017 season ,Standard,Standard,130,11,15.777627739124,140.0,22.0,18.87406729254872,-3.0964395534247164,0.12136636722403076,0.13481476637534798,74
172,12,0,Fast,2016,Leicester,Leicester xG stats for the 2016/2017 season ,Fast,Fast,36,7,6.369819782674313,23.0,5.0,2.8840501606464386,3.485769622027873,0.1769394384076198,0.12539348524549734,75
173,13,1,Normal,2016,Leicester,Leicester xG stats for the 2016/2017 season ,Normal,Normal,247,26,21.838497870136045,355.0,34.0,31.85668545216322,-10.018187582027169,0.08841497113415406,0.08973714211876964,75
174,14,2,Slow,2016,Leicester,Leicester xG stats for the 2016/2017 season ,Slow,Slow,20,2,1.8540157973766327,40.0,4.0,2.9226962719112635,-1.0686804745346308,0.09270078986883164,0.07306740679778159,75
175,15,3,Standard,2016,Leicester,Leicester xG stats for the 2016/2017 season ,Standard,Standard,132,13,17.004920419305567,137.0,20.0,15.91329622361809,1.0916241956874728,0.1288251546917088,0.11615544688772328,75
176,16,0,Fast,2016,West_Bromwich_Albion,West Bromwich Albion xG stats for the 2016/2017 season ,Fast,Fast,21,5,3.7921894723549485,17.0,2.0,1.997276235371828,1.7949132369831204,0.18058045106452136,0.1174868373748134,76
177,17,1,Normal,2016,West_Bromwich_Albion,West Bromwich Albion xG stats for the 2016/2017 season ,Normal,Normal,248,16,20.161987176164985,346.0,36.0,31.971557402517647,-11.809570226352664,0.08129833538776203,0.09240334509398164,76
178,18,2,Slow,2016,West_Bromwich_Albion,West Bromwich Albion xG stats for the 2016/2017 season ,Slow,Slow,16,1,0.8104057097807527,33.0,2.0,3.29300522711128,-2.482599517330528,0.050650356861297034,0.0997880371851903,76
179,19,3,Standard,2016,West_Bromwich_Albion,West Bromwich Albion xG stats for the 2016/2017 season ,Standard,Standard,113,21,13.98146627470851,122.0,11.0,11.900156749412416,2.081309525296092,0.12372979004166824,0.0975422684378067,76
180,20,0,Fast,2016,Sunderland,Sunderland xG stats for the 2016/2017 season ,Fast,Fast,32,4,3.364813690073788,39.0,8.0,5.317782814614475,-1.9529691245406864,0.10515042781480588,0.13635340550293526,77
181,21,1,Normal,2016,Sunderland,Sunderland xG stats for the 2016/2017 season ,Normal,Normal,230,14,17.807157816365358,424.0,39.0,39.20080158673228,-21.393643770366907,0.07742242528854505,0.09245472072342516,77
182,22,2,Slow,2016,Sunderland,Sunderland xG stats for the 2016/2017 season ,Slow,Slow,10,0,0.4061945341527462,31.0,4.0,4.041925176978111,-3.635730642825365,0.04061945341527462,0.13038468312832616,77
183,23,3,Standard,2016,Sunderland,Sunderland xG stats for the 2016/2017 season ,Standard,Standard,116,11,13.719433723017573,183.0,18.0,19.62730601616204,-5.9078722931444645,0.11827098037084115,0.10725303833968326,77
184,24,0,Fast,2016,Crystal_Palace,Crystal Palace xG stats for the 2016/2017 season ,Fast,Fast,19,4,2.303179083392024,43.0,9.0,7.191841362044215,-4.888662278652191,0.12121995175747495,0.16725212469870268,78
185,25,1,Normal,2016,Crystal_Palace,Crystal Palace xG stats for the 2016/2017 season ,Normal,Normal,246,28,22.70762314414605,327.0,32.0,28.40255624242127,-5.694933098275214,0.09230741115506526,0.08685797016030969,78
186,26,2,Slow,2016,Crystal_Palace,Crystal Palace xG stats for the 2016/2017 season ,Slow,Slow,13,0,0.4372660955414176,21.0,1.0,1.666737711057067,-1.229471615515649,0.033635853503185965,0.0793684624312889,78
187,27,3,Standard,2016,Crystal_Palace,Crystal Palace xG stats for the 2016/2017 season ,Standard,Standard,163,18,22.154501597397037,126.0,21.0,13.309314524754882,8.84518707264215,0.1359171877140922,0.10562948035519748,78
188,28,0,Fast,2016,Chelsea,Chelsea xG stats for the 2016/2017 season ,Fast,Fast,49,9,8.332593755796553,18.0,5.0,4.890341755002737,3.4422520007938147,0.17005293379176634,0.27168565305570763,80
189,29,1,Normal,2016,Chelsea,Chelsea xG stats for the 2016/2017 season ,Normal,Normal,334,46,35.17445871606469,188.0,15.0,13.752923783380535,21.42153493268416,0.10531275064690028,0.07315384991159861,80
190,30,2,Slow,2016,Chelsea,Chelsea xG stats for the 2016/2017 season ,Slow,Slow,38,6,3.1268815789371733,18.0,4.0,1.7027968894690275,1.4240846894681454,0.08228635734045192,0.09459982719272376,80
191,31,3,Standard,2016,Chelsea,Chelsea xG stats for the 2016/2017 season ,Standard,Standard,161,24,17.790684772655368,100.0,9.0,9.371622825041412,8.419061947613955,0.11050114765624452,0.09371622825041412,80
192,32,0,Fast,2016,West_Ham,West Ham xG stats for the 2016/2017 season ,Fast,Fast,33,4,4.069206157699227,29.0,6.0,4.787214021198452,-0.7180078634992242,0.1233092775060372,0.1650763455585673,81
193,33,1,Normal,2016,West_Ham,West Ham xG stats for the 2016/2017 season ,Normal,Normal,286,22,27.608756713103503,329.0,42.0,38.30925647635013,-10.700499763246627,0.09653411438148078,0.11644150904665693,81
194,34,2,Slow,2016,West_Ham,West Ham xG stats for the 2016/2017 season ,Slow,Slow,22,1,1.3507589679211378,17.0,1.0,0.845098007004708,0.5056609609164298,0.061398134905506274,0.04971164747086518,81
195,35,3,Standard,2016,West_Ham,West Ham xG stats for the 2016/2017 season ,Standard,Standard,158,20,17.633535892236978,129.0,15.0,17.133711711503565,0.4998241807334125,0.11160465754580366,0.13281947063181054,81
196,36,0,Fast,2016,Tottenham,Tottenham xG stats for the 2016/2017 season ,Fast,Fast,40,6,4.622048733755946,28.0,3.0,3.199189441278577,1.4228592924773693,0.11555121834389866,0.11425676575994916,82
197,37,1,Normal,2016,Tottenham,Tottenham xG stats for the 2016/2017 season ,Normal,Normal,419,54,41.74063527490944,216.0,12.0,21.657036011107262,20.08359926380217,0.09961965459405593,0.10026405560697807,82
198,38,2,Slow,2016,Tottenham,Tottenham xG stats for the 2016/2017 season ,Slow,Slow,42,6,5.834497216157615,12.0,1.0,1.1778054512105882,4.656691764947028,0.13891660038470513,0.09815045426754902,82
199,39,3,Standard,2016,Tottenham,Tottenham xG stats for the 2016/2017 season ,Standard,Standard,170,20,20.846753711812198,93.0,10.0,9.227497058454901,11.619256653357295,0.12262796301066,0.09922039847800967,82
200,40,0,Fast,2016,Arsenal,Arsenal xG stats for the 2016/2017 season ,Fast,Fast,30,8,7.218765186145903,28.0,2.0,4.191531419754028,3.0272337663918734,0.2406255062048634,0.149697550705501,83
201,41,1,Normal,2016,Arsenal,Arsenal xG stats for the 2016/2017 season ,Normal,Normal,383,47,40.82454704912379,255.0,24.0,25.24772448185832,15.576822567265479,0.1065915066556757,0.09901068424258162,83
202,42,2,Slow,2016,Arsenal,Arsenal xG stats for the 2016/2017 season ,Slow,Slow,23,5,4.199338914360851,11.0,1.0,0.3499004282057285,3.8494384861551225,0.18257995279829786,0.031809129836884414,83
203,43,3,Standard,2016,Arsenal,Arsenal xG stats for the 2016/2017 season ,Standard,Standard,134,17,16.709880626760427,139.0,17.0,18.75261272676289,-2.042732100002468,0.12470060169224195,0.13491088292635173,83
204,44,0,Fast,2016,Swansea,Swansea xG stats for the 2016/2017 season ,Fast,Fast,11,1,1.2395211369730532,31.0,1.0,3.9437702652066946,-2.7042491282336414,0.11268373972482305,0.12721839565182885,84
205,45,1,Normal,2016,Swansea,Swansea xG stats for the 2016/2017 season ,Normal,Normal,243,22,20.54226320143789,347.0,46.0,42.51936197374016,-21.97709877230227,0.08453606255735757,0.12253418436236355,84
206,46,2,Slow,2016,Swansea,Swansea xG stats for the 2016/2017 season ,Slow,Slow,17,2,1.2912236973643303,33.0,6.0,5.5880969427526,-4.2968732453882685,0.07595433513907825,0.16933627099250306,84
207,47,3,Standard,2016,Swansea,Swansea xG stats for the 2016/2017 season ,Standard,Standard,134,20,16.759134544990953,113.0,17.0,19.750227767974145,-2.991093222983181,0.12506816824620118,0.17478077670773573,84
208,48,0,Fast,2016,Stoke,Stoke xG stats for the 2016/2017 season ,Fast,Fast,33,5,4.426596317440271,41.0,9.0,6.725346470251679,-2.2987501528114085,0.13413928234667488,0.16403284073784585,85
209,49,1,Normal,2016,Stoke,Stoke xG stats for the 2016/2017 season ,Normal,Normal,246,18,29.16343186749145,308.0,25.0,27.09819266758859,2.0652391999028623,0.11855053604671326,0.08798114502463829,85
210,50,2,Slow,2016,Stoke,Stoke xG stats for the 2016/2017 season ,Slow,Slow,17,3,2.3957861536182463,30.0,5.0,5.3160059582442045,-2.920219804625958,0.14092859727166154,0.17720019860814015,85
211,51,3,Standard,2016,Stoke,Stoke xG stats for the 2016/2017 season ,Standard,Standard,133,15,16.32945209927857,163.0,17.0,14.758199703879654,1.5712523953989148,0.12277783533292155,0.09054110247778928,85
212,52,0,Fast,2016,Liverpool,Liverpool xG stats for the 2016/2017 season ,Fast,Fast,31,7,4.037825858220458,19.0,4.0,3.9191915430128574,0.1186343152076006,0.1302524470393696,0.20627323910593987,87
213,53,1,Normal,2016,Liverpool,Liverpool xG stats for the 2016/2017 season ,Normal,Normal,425,46,42.95476117078215,179.0,23.0,19.30604001833126,23.64872115245089,0.10107002628419327,0.10785497216944838,87
214,54,2,Slow,2016,Liverpool,Liverpool xG stats for the 2016/2017 season ,Slow,Slow,40,5,3.463432101532817,10.0,1.0,0.2363792778924108,3.227052823640406,0.08658580253832042,0.023637927789241075,87
215,55,3,Standard,2016,Liverpool,Liverpool xG stats for the 2016/2017 season ,Standard,Standard,143,20,17.91993513982743,102.0,14.0,15.130461023189127,2.7894741166383032,0.12531423174704498,0.14833785316852086,87
216,56,0,Fast,2016,Manchester_City,Manchester City xG stats for the 2016/2017 season ,Fast,Fast,38,7,8.23650242947042,19.0,5.0,3.6052360180765386,4.631266411393881,0.2167500639334321,0.18974926410929152,88
217,57,1,Normal,2016,Manchester_City,Manchester City xG stats for the 2016/2017 season ,Normal,Normal,392,48,51.615254557691536,175.0,22.0,14.352498266380277,37.26275629131123,0.13167156774921304,0.08201427580788731,88
218,58,2,Slow,2016,Manchester_City,Manchester City xG stats for the 2016/2017 season ,Slow,Slow,49,7,7.925710111856461,17.0,2.0,1.8929707622155547,6.032739349640906,0.1617491859562543,0.11135122130679734,88
219,59,3,Standard,2016,Manchester_City,Manchester City xG stats for the 2016/2017 season ,Standard,Standard,159,18,17.854642522521317,90.0,10.0,11.28174779098481,6.572894731536508,0.11229334919824728,0.12535275323316455,88
220,60,0,Fast,2016,Manchester_United,Manchester United xG stats for the 2016/2017 season ,Fast,Fast,40,12,9.82592223584652,17.0,0.0,1.4629711098968985,8.362951125949621,0.2456480558961629,0.08605712411158226,89
221,61,1,Normal,2016,Manchester_United,Manchester United xG stats for the 2016/2017 season ,Normal,Normal,383,30,33.856670130509876,214.0,16.0,17.380690464749932,16.47597966575995,0.08839861652874642,0.08121817974182212,89
222,62,2,Slow,2016,Manchester_United,Manchester United xG stats for the 2016/2017 season ,Slow,Slow,44,2,2.2951869792304933,17.0,2.0,1.543296919204295,0.7518900600261986,0.052163340437056664,0.09078217171789968,89
223,63,3,Standard,2016,Manchester_United,Manchester United xG stats for the 2016/2017 season ,Standard,Standard,123,10,12.688187018036842,114.0,11.0,12.302248258143663,0.3859387598931789,0.1031559920165597,0.10791445840476896,89
224,64,0,Fast,2016,Watford,Watford xG stats for the 2016/2017 season ,Fast,Fast,27,1,3.3789102993905544,38.0,10.0,6.9562652464956045,-3.57735494710505,0.12514482590335388,0.1830596117498844,90
225,65,1,Normal,2016,Watford,Watford xG stats for the 2016/2017 season ,Normal,Normal,257,23,20.17720756307245,324.0,36.0,31.22482188558206,-11.047614322509618,0.07851053526487332,0.0963729070542656,90
226,66,2,Slow,2016,Watford,Watford xG stats for the 2016/2017 season ,Slow,Slow,22,3,1.646221062168479,22.0,0.0,1.1747584994882343,0.4714625626802445,0.07482823009856722,0.05339811361310157,90
227,67,3,Standard,2016,Watford,Watford xG stats for the 2016/2017 season ,Standard,Standard,117,13,12.37265602312982,155.0,22.0,16.04381564538926,-3.671159622259438,0.10574919677888736,0.1035084880347694,90
228,68,0,Fast,2016,Hull,Hull xG stats for the 2016/2017 season ,Fast,Fast,30,3,5.310909422114492,30.0,6.0,5.323999162763356,-0.0130897406488657,0.17703031407048306,0.17746663875877858,91
229,69,1,Normal,2016,Hull,Hull xG stats for the 2016/2017 season ,Normal,Normal,233,16,16.934590968303382,406.0,33.0,42.330858504865326,-25.39626753656193,0.07268064793263254,0.1042631982878456,91
230,70,2,Slow,2016,Hull,Hull xG stats for the 2016/2017 season ,Slow,Slow,16,0,0.5506559619680047,33.0,7.0,4.347205483354628,-3.7965495213866234,0.034415997623000294,0.1317334994955948,91
231,71,3,Standard,2016,Hull,Hull xG stats for the 2016/2017 season ,Standard,Standard,119,18,12.342320690862836,169.0,34.0,25.995211885310717,-13.652891194447875,0.103716980595486,0.15381782180657225,91
232,72,0,Fast,2016,Burnley,Burnley xG stats for the 2016/2017 season ,Fast,Fast,26,8,4.020319877192378,36.0,6.0,3.3486648369580507,0.6716550402343273,0.15462768758432224,0.0930184676932792,92
233,73,1,Normal,2016,Burnley,Burnley xG stats for the 2016/2017 season ,Normal,Normal,201,13,16.717349142767493,415.0,31.0,34.56419472955167,-17.846845586784184,0.0831708912575497,0.08328721621578716,92
234,74,2,Slow,2016,Burnley,Burnley xG stats for the 2016/2017 season ,Slow,Slow,15,0,0.5998293627053499,43.0,2.0,2.5332563845440745,-1.9334270218387248,0.03998862418035666,0.0589129391754436,92
235,75,3,Standard,2016,Burnley,Burnley xG stats for the 2016/2017 season ,Standard,Standard,148,18,14.635243833065033,179.0,16.0,17.889999881386753,-3.2547560483217235,0.09888678265584484,0.09994413341556847,92
236,76,0,Fast,2016,Middlesbrough,Middlesbrough xG stats for the 2016/2017 season ,Fast,Fast,20,1,2.554690103977918,31.0,3.0,4.307790268212557,-1.7531001642346382,0.12773450519889593,0.13896097639395344,93
237,77,1,Normal,2016,Middlesbrough,Middlesbrough xG stats for the 2016/2017 season ,Normal,Normal,222,15,18.8413252281025,338.0,31.0,35.061307091265924,-16.219981863163408,0.0848708343608221,0.1037316777848104,93
238,78,2,Slow,2016,Middlesbrough,Middlesbrough xG stats for the 2016/2017 season ,Slow,Slow,15,2,1.955611658282578,32.0,2.0,2.084347068332136,-0.12873541004955769,0.13037411055217188,0.06513584588537924,93
239,79,3,Standard,2016,Middlesbrough,Middlesbrough xG stats for the 2016/2017 season ,Standard,Standard,94,9,8.832030691206455,151.0,17.0,14.029946689493954,-5.197915998287499,0.09395777331070697,0.0929135542350593,93
240,0,0,Fast,2017,Everton,Everton xG stats for the 2017/2018 season ,Fast,Fast,25,3,2.573123352602124,34.0,8.0,6.712511973455548,-4.139388620853424,0.10292493410408496,0.1974268227486926,72
241,1,1,Normal,2017,Everton,Everton xG stats for the 2017/2018 season ,Normal,Normal,215,26,24.349425674881786,325.0,37.0,31.27797357644885,-6.928547901567072,0.11325314267386875,0.09623991869676572,72
242,2,2,Slow,2017,Everton,Everton xG stats for the 2017/2018 season ,Slow,Slow,20,4,5.136164422146977,38.0,2.0,2.1688890680670743,2.9672753540799017,0.2568082211073488,0.05707602810702825,72
243,3,3,Standard,2017,Everton,Everton xG stats for the 2017/2018 season ,Standard,Standard,99,11,15.165942559950054,144.0,11.0,16.277082334272563,-1.1111397743225098,0.1531913389893945,0.11303529398800392,72
244,4,0,Fast,2017,Bournemouth,Bournemouth xG stats for the 2017/2018 season ,Fast,Fast,24,1,3.481914035975933,33.0,3.0,5.997617879882455,-2.5157038439065222,0.1450797514989972,0.1817459963600744,73
245,5,1,Normal,2017,Bournemouth,Bournemouth xG stats for the 2017/2018 season ,Normal,Normal,290,23,22.39447045326233,358.0,41.0,41.22094941791147,-18.82647896464914,0.07722231190780114,0.11514231680980858,73
246,6,2,Slow,2017,Bournemouth,Bournemouth xG stats for the 2017/2018 season ,Slow,Slow,21,1,1.1624210542067883,36.0,5.0,4.88932940736413,-3.7269083531573415,0.0553533835336566,0.13581470576011473,73
247,7,3,Standard,2017,Bournemouth,Bournemouth xG stats for the 2017/2018 season ,Standard,Standard,130,20,13.290573183447124,123.0,12.0,14.891949496231973,-1.6013763127848506,0.10223517833420864,0.12107276013196724,73
248,8,0,Fast,2017,Southampton,Southampton xG stats for the 2017/2018 season ,Fast,Fast,22,3,3.0742379650473595,20.0,5.0,3.3475914541631937,-0.27335348911583424,0.13973808932033452,0.16737957270815967,74
249,9,1,Normal,2017,Southampton,Southampton xG stats for the 2017/2018 season ,Normal,Normal,277,17,22.57695440016687,320.0,37.0,29.94865978183225,-7.371705381665379,0.08150525054211866,0.09358956181822578,74
250,10,2,Slow,2017,Southampton,Southampton xG stats for the 2017/2018 season ,Slow,Slow,31,2,2.2634414774365723,25.0,1.0,2.244833365082741,0.01860811235383153,0.07301424120763136,0.08979333460330963,74
251,11,3,Standard,2017,Southampton,Southampton xG stats for the 2017/2018 season ,Standard,Standard,119,15,15.147429752163589,127.0,13.0,12.28778492473066,2.8596448274329305,0.1272893256484335,0.09675421200575322,74
252,12,0,Fast,2017,Leicester,Leicester xG stats for the 2017/2018 season ,Fast,Fast,40,5,6.199777471832932,31.0,2.0,4.221044097095728,1.9787333747372031,0.15499443679582328,0.13616271280953962,75
253,13,1,Normal,2017,Leicester,Leicester xG stats for the 2017/2018 season ,Normal,Normal,232,30,25.631923320703212,321.0,35.0,32.593464500270784,-6.961541179567576,0.11048242810647936,0.10153727258651336,75
254,14,2,Slow,2017,Leicester,Leicester xG stats for the 2017/2018 season ,Slow,Slow,21,4,4.22026205714792,28.0,4.0,3.320477669127285,0.8997843880206347,0.20096485986418666,0.11858848818311732,75
255,15,3,Standard,2017,Leicester,Leicester xG stats for the 2017/2018 season ,Standard,Standard,130,17,17.737413586117327,112.0,19.0,11.938896981999278,5.798516604118049,0.13644164297013328,0.1065972944821364,75
256,16,0,Fast,2017,West_Bromwich_Albion,West Bromwich Albion xG stats for the 2017/2018 season ,Fast,Fast,28,4,4.401140579953791,31.0,9.0,5.620069604367019,-1.218929024413228,0.15718359214120678,0.18129256788280704,76
257,17,1,Normal,2017,West_Bromwich_Albion,West Bromwich Albion xG stats for the 2017/2018 season ,Normal,Normal,222,12,16.00355466455221,316.0,28.0,29.309122075326734,-13.305567410774527,0.07208808407455951,0.09275038631432513,76
258,18,2,Slow,2017,West_Bromwich_Albion,West Bromwich Albion xG stats for the 2017/2018 season ,Slow,Slow,19,0,1.0520700514316559,38.0,4.0,2.1208556750789285,-1.0687856236472726,0.05537210797008715,0.055811991449445486,76
259,19,3,Standard,2017,West_Bromwich_Albion,West Bromwich Albion xG stats for the 2017/2018 season ,Standard,Standard,103,15,13.998365700244904,129.0,15.0,14.291707837022841,-0.2933421367779374,0.1359064631091738,0.1107884328451383,76
260,20,0,Fast,2017,Crystal_Palace,Crystal Palace xG stats for the 2017/2018 season ,Fast,Fast,28,1,4.925610380247235,30.0,3.0,4.833889536559582,0.09172084368765354,0.17591465643740126,0.16112965121865272,78
261,21,1,Normal,2017,Crystal_Palace,Crystal Palace xG stats for the 2017/2018 season ,Normal,Normal,270,24,28.482248606160283,300.0,31.0,31.616338171530515,-3.134089565370232,0.10548980965244548,0.10538779390510172,78
262,22,2,Slow,2017,Crystal_Palace,Crystal Palace xG stats for the 2017/2018 season ,Slow,Slow,21,2,2.196693821810186,19.0,4.0,2.8191937999799848,-0.6224999781697989,0.10460446770524696,0.14837862105157815,78
263,23,3,Standard,2017,Crystal_Palace,Crystal Palace xG stats for the 2017/2018 season ,Standard,Standard,156,18,23.306935220025483,117.0,17.0,16.6090077906847,6.69792742934078,0.14940343089759922,0.14195733154431367,78
264,24,0,Fast,2017,Chelsea,Chelsea xG stats for the 2017/2018 season ,Fast,Fast,27,3,5.321695261634887,23.0,3.0,4.376483801752329,0.9452114598825574,0.19709982450499572,0.1902819044240143,80
265,25,1,Normal,2017,Chelsea,Chelsea xG stats for the 2017/2018 season ,Normal,Normal,400,41,39.38848183210939,237.0,23.0,21.138955196365714,18.24952663574368,0.09847120458027347,0.08919390378213382,80
266,26,2,Slow,2017,Chelsea,Chelsea xG stats for the 2017/2018 season ,Slow,Slow,27,4,4.037359184585512,29.0,4.0,2.6454053716734047,1.3919538129121063,0.14953182165131526,0.09122087488528983,80
267,27,3,Standard,2017,Chelsea,Chelsea xG stats for the 2017/2018 season ,Standard,Standard,154,14,12.992434291169047,90.0,8.0,8.593504974618554,4.398929316550493,0.08436645643616264,0.09548338860687282,80
268,28,0,Fast,2017,West_Ham,West Ham xG stats for the 2017/2018 season ,Fast,Fast,27,5,2.569660197943449,22.0,6.0,6.245767865329981,-3.676107667386532,0.09517259992383144,0.2838985393331809,81
269,29,1,Normal,2017,West_Ham,West Ham xG stats for the 2017/2018 season ,Normal,Normal,229,28,22.61045860033483,378.0,36.0,34.56466961186379,-11.954211011528967,0.09873562707569793,0.09144092489911056,81
270,30,2,Slow,2017,West_Ham,West Ham xG stats for the 2017/2018 season ,Slow,Slow,19,3,1.3472768515348434,32.0,4.0,3.031497685238719,-1.6842208337038755,0.07090930797551807,0.09473430266370997,81
271,31,3,Standard,2017,West_Ham,West Ham xG stats for the 2017/2018 season ,Standard,Standard,97,12,11.067485610954463,128.0,22.0,16.24480607174337,-5.1773204607889065,0.11409778980365425,0.12691254743549507,81
272,32,0,Fast,2017,Tottenham,Tottenham xG stats for the 2017/2018 season ,Fast,Fast,42,12,11.037603206001222,30.0,6.0,4.892053294926882,6.14554991107434,0.26280007633336244,0.1630684431642294,82
273,33,1,Normal,2017,Tottenham,Tottenham xG stats for the 2017/2018 season ,Normal,Normal,391,43,42.65939349634572,207.0,16.0,19.7732963450253,22.886097151320428,0.10910330817479726,0.0955231707489145,82
274,34,2,Slow,2017,Tottenham,Tottenham xG stats for the 2017/2018 season ,Slow,Slow,34,4,4.749859760515392,16.0,2.0,1.8911947906017303,2.858664969913661,0.1397017576622174,0.11819967441260815,82
275,35,3,Standard,2017,Tottenham,Tottenham xG stats for the 2017/2018 season ,Standard,Standard,157,15,15.438895728439093,100.0,12.0,10.797206653282046,4.641689075157045,0.09833691546776492,0.10797206653282046,82
276,36,0,Fast,2017,Arsenal,Arsenal xG stats for the 2017/2018 season ,Fast,Fast,26,4,5.595037441700697,28.0,2.0,4.6775037376210085,0.9175337040796876,0.2151937477577191,0.16705370491503604,83
277,37,1,Normal,2017,Arsenal,Arsenal xG stats for the 2017/2018 season ,Normal,Normal,404,49,49.221060638315976,255.0,33.0,30.62948229769245,18.591578340623528,0.12183430851068312,0.12011561685369587,83
278,38,2,Slow,2017,Arsenal,Arsenal xG stats for the 2017/2018 season ,Slow,Slow,29,1,2.450821615755558,18.0,4.0,1.5339936735108497,0.9168279422447084,0.08451109019846753,0.08522187075060275,83
279,39,3,Standard,2017,Arsenal,Arsenal xG stats for the 2017/2018 season ,Standard,Standard,134,20,17.063522205688063,121.0,12.0,12.44334236253053,4.620179843157531,0.12733971795289598,0.10283754018620272,83
280,40,0,Fast,2017,Swansea,Swansea xG stats for the 2017/2018 season ,Fast,Fast,17,0,1.5364682478830218,30.0,6.0,4.292943403124808,-2.7564751552417874,0.09038048516958952,0.14309811343749365,84
281,41,1,Normal,2017,Swansea,Swansea xG stats for the 2017/2018 season ,Normal,Normal,208,13,18.380137962289158,367.0,30.0,41.13299736473709,-22.752859402447942,0.08836604789562094,0.1120790118930166,84
282,42,2,Slow,2017,Swansea,Swansea xG stats for the 2017/2018 season ,Slow,Slow,15,4,2.2413051472976804,32.0,4.0,3.9367243768647313,-1.695419229567051,0.1494203431531787,0.12302263677702285,84
283,43,3,Standard,2017,Swansea,Swansea xG stats for the 2017/2018 season ,Standard,Standard,94,11,9.53563125617802,107.0,16.0,15.872891194187105,-6.337259938009082,0.1014428857040215,0.14834477751576733,84
284,44,0,Fast,2017,Stoke,Stoke xG stats for the 2017/2018 season ,Fast,Fast,28,3,4.134592448826878,48.0,7.0,10.237656307406725,-6.103063858579844,0.1476640160295314,0.21328450640430674,85
285,45,1,Normal,2017,Stoke,Stoke xG stats for the 2017/2018 season ,Normal,Normal,234,20,20.713598089292645,330.0,43.0,37.45619958033785,-16.742601491045207,0.08851964995424208,0.11350363509193287,85
286,46,2,Slow,2017,Stoke,Stoke xG stats for the 2017/2018 season ,Slow,Slow,12,2,1.460302708670497,30.0,2.0,3.745347321033478,-2.285044612362981,0.12169189238920808,0.12484491070111592,85
287,47,3,Standard,2017,Stoke,Stoke xG stats for the 2017/2018 season ,Standard,Standard,109,10,11.874191234819591,170.0,16.0,17.3586556580849,-5.484464423265308,0.10893753426439992,0.10210973916520527,85
288,48,0,Fast,2017,Newcastle_United,Newcastle United xG stats for the 2017/2018 season ,Fast,Fast,33,8,6.429860619362444,19.0,3.0,4.1217855671420685,2.3080750522203743,0.19484426119280127,0.2169360824811616,86
289,49,1,Normal,2017,Newcastle_United,Newcastle United xG stats for the 2017/2018 season ,Normal,Normal,289,19,25.905148415360603,311.0,33.0,32.295975977554924,-6.390827562194318,0.08963719174865259,0.10384558192139844,86
290,50,2,Slow,2017,Newcastle_United,Newcastle United xG stats for the 2017/2018 season ,Slow,Slow,23,1,1.1527046458795671,22.0,2.0,3.1254254644736648,-1.972720818594098,0.05011759329911159,0.14206479383971204,86
291,51,3,Standard,2017,Newcastle_United,Newcastle United xG stats for the 2017/2018 season ,Standard,Standard,107,11,12.638415908440948,125.0,9.0,16.931670302525166,-4.293254394084214,0.1181160365274855,0.1354533624202013,86
292,52,0,Fast,2017,Liverpool,Liverpool xG stats for the 2017/2018 season ,Fast,Fast,41,8,11.025893083773553,24.0,6.0,3.1730113057419658,7.852881778031588,0.2689242215554525,0.13220880440591526,87
293,53,1,Normal,2017,Liverpool,Liverpool xG stats for the 2017/2018 season ,Normal,Normal,448,55,51.3321255967021,161.0,18.0,17.612051112111658,33.72007448459044,0.1145806374926386,0.10939162181435813,87
294,54,2,Slow,2017,Liverpool,Liverpool xG stats for the 2017/2018 season ,Slow,Slow,35,8,4.746406509540974,12.0,2.0,0.9621573528274894,3.7842491567134857,0.13561161455831358,0.08017977940229078,87
295,55,3,Standard,2017,Liverpool,Liverpool xG stats for the 2017/2018 season ,Standard,Standard,114,13,13.473802242428064,84.0,12.0,14.444444258697331,-0.9706420162692666,0.11819124774059706,0.1719576697463968,87
296,56,0,Fast,2017,Manchester_City,Manchester City xG stats for the 2017/2018 season ,Fast,Fast,33,10,8.357106384821236,13.0,0.0,0.8564873947761953,7.500618990045041,0.2532456480248859,0.06588364575201502,88
297,57,1,Normal,2017,Manchester_City,Manchester City xG stats for the 2017/2018 season ,Normal,Normal,415,63,59.6863378258422,134.0,21.0,15.762280599214135,43.92405722662807,0.14382250078516193,0.11762895969562788,88
298,58,2,Slow,2017,Manchester_City,Manchester City xG stats for the 2017/2018 season ,Slow,Slow,64,12,8.073033581487834,13.0,2.0,1.6885294085368514,6.384504172950982,0.1261411497107474,0.1298868775797578,88
299,59,3,Standard,2017,Manchester_City,Manchester City xG stats for the 2017/2018 season ,Standard,Standard,154,21,20.03395381756127,76.0,4.0,8.602374003268777,11.43157981429249,0.1300906092049433,0.1131891316219576,88
300,60,0,Fast,2017,Manchester_United,Manchester United xG stats for the 2017/2018 season ,Fast,Fast,31,8,6.004343893378973,12.0,2.0,2.089774152263999,3.9145697411149736,0.1936885126896443,0.17414784602199992,89
301,61,1,Normal,2017,Manchester_United,Manchester United xG stats for the 2017/2018 season ,Normal,Normal,335,40,37.751572228968136,305.0,13.0,27.527626382187012,10.223945846781136,0.11269126038497955,0.090254512728482,89
302,62,2,Slow,2017,Manchester_United,Manchester United xG stats for the 2017/2018 season ,Slow,Slow,39,4,2.8814579509198666,18.0,2.0,3.2611031541600823,-0.3796452032402158,0.0738835372030735,0.1811723974533379,89
303,63,3,Standard,2017,Manchester_United,Manchester United xG stats for the 2017/2018 season ,Standard,Standard,108,16,15.385955790057778,100.0,11.0,13.347113143652678,2.038842646405101,0.1424625536116461,0.13347113143652678,89
304,64,0,Fast,2017,Watford,Watford xG stats for the 2017/2018 season ,Fast,Fast,24,4,3.248465231619776,26.0,6.0,3.65251671615988,-0.4040514845401049,0.1353527179841573,0.14048141215999538,90
305,65,1,Normal,2017,Watford,Watford xG stats for the 2017/2018 season ,Normal,Normal,282,25,28.31371174845845,245.0,33.0,31.297608000226322,-2.9838962517678738,0.10040323315056186,0.12774533877643396,90
306,66,2,Slow,2017,Watford,Watford xG stats for the 2017/2018 season ,Slow,Slow,18,3,2.0265469094738364,15.0,2.0,2.072050305549056,-0.045503396075218916,0.11258593941521314,0.1381366870366037,90
307,67,3,Standard,2017,Watford,Watford xG stats for the 2017/2018 season ,Standard,Standard,115,12,15.28029144089669,124.0,23.0,18.747906963340935,-3.467615522444248,0.13287209948605816,0.1511927980914592,90
308,68,0,Fast,2017,Burnley,Burnley xG stats for the 2017/2018 season ,Fast,Fast,19,2,1.5324113853275776,35.0,3.0,6.689303845632821,-5.156892460305245,0.0806532308067146,0.1911229670180806,92
309,69,1,Normal,2017,Burnley,Burnley xG stats for the 2017/2018 season ,Normal,Normal,212,23,19.539892258122567,356.0,24.0,31.79744122363627,-12.257548965513706,0.09216930310435173,0.0893186551225738,92
310,70,2,Slow,2017,Burnley,Burnley xG stats for the 2017/2018 season ,Slow,Slow,14,3,1.374146637506783,28.0,3.0,2.412038373760879,-1.0378917362540958,0.0981533312504845,0.0861442276343171,92
311,71,3,Standard,2017,Burnley,Burnley xG stats for the 2017/2018 season ,Standard,Standard,131,8,12.40535224741325,146.0,9.0,12.67682642210275,-0.2714741746895015,0.09469734540010112,0.08682757823358048,92
312,72,0,Fast,2017,Huddersfield,Huddersfield xG stats for the 2017/2018 season ,Fast,Fast,21,5,2.984045018441975,30.0,8.0,4.8548723869025725,-1.8708273684605958,0.14209738183057025,0.16182907956341902,219
313,73,1,Normal,2017,Huddersfield,Huddersfield xG stats for the 2017/2018 season ,Normal,Normal,215,14,18.48554233089089,258.0,33.0,29.27606537565589,-10.790523044764996,0.08597926665530649,0.11347312161106934,219
314,74,2,Slow,2017,Huddersfield,Huddersfield xG stats for the 2017/2018 season ,Slow,Slow,28,1,2.545152897015214,27.0,4.0,3.096842891536653,-0.5516899945214391,0.09089831775054336,0.11469788487172787,219
315,75,3,Standard,2017,Huddersfield,Huddersfield xG stats for the 2017/2018 season ,Standard,Standard,99,8,11.469648577272892,126.0,13.0,18.82206897810101,-7.352420400828122,0.1158550361340696,0.14938149982619853,219
316,76,0,Fast,2017,Brighton,Brighton xG stats for the 2017/2018 season ,Fast,Fast,16,2,1.6156188510358334,33.0,3.0,5.155720733106137,-3.540101882070303,0.10097617818973956,0.15623396160927686,220
317,77,1,Normal,2017,Brighton,Brighton xG stats for the 2017/2018 season ,Normal,Normal,237,21,20.878948098048564,321.0,21.0,28.073829650878906,-7.1948815528303385,0.08809682741792645,0.08745741324261341,220
318,78,2,Slow,2017,Brighton,Brighton xG stats for the 2017/2018 season ,Slow,Slow,16,1,1.5126153845340014,30.0,7.0,5.664153514429928,-4.1515381298959255,0.09453846153337507,0.18880511714766424,220
319,79,3,Standard,2017,Brighton,Brighton xG stats for the 2017/2018 season ,Standard,Standard,114,10,14.446335423737766,175.0,23.0,20.573335425928235,-6.127000002190473,0.1267222405591032,0.11756191671958993,220
320,0,0,Fast,2018,Everton,Everton xG stats for the 2018/2019 season ,Fast,Fast,16,3,2.0422913888469343,27.0,1.0,5.272369559854268,-3.230078171007335,0.12764321180293334,0.19527294666126924,72
321,1,1,Normal,2018,Everton,Everton xG stats for the 2018/2019 season ,Normal,Normal,180,21,20.931476147845387,149.0,20.0,15.178699098527431,5.752777049317956,0.11628597859914105,0.10187046374850624,72
322,2,2,Slow,2018,Everton,Everton xG stats for the 2018/2019 season ,Slow,Slow,20,1,1.414869286119938,15.0,2.0,2.6565752234309907,-1.2417059373110533,0.0707434643059969,0.1771050148953994,72
323,3,3,Standard,2018,Everton,Everton xG stats for the 2018/2019 season ,Standard,Standard,104,11,11.186710716225207,87.0,13.0,15.918618565425275,-4.731907849200071,0.10756452611755006,0.18297262718879628,72
324,4,0,Fast,2018,Bournemouth,Bournemouth xG stats for the 2018/2019 season ,Fast,Fast,22,5,4.813767086714506,19.0,1.0,2.8923145551234484,1.9214525315910576,0.21880759485065931,0.15222708184860256,73
325,5,1,Normal,2018,Bournemouth,Bournemouth xG stats for the 2018/2019 season ,Normal,Normal,169,17,17.77863805461675,201.0,31.0,25.34343399945646,-7.564795944839716,0.10519904174329438,0.1260867363157038,73
326,6,2,Slow,2018,Bournemouth,Bournemouth xG stats for the 2018/2019 season ,Slow,Slow,19,0,0.6821597889065742,34.0,5.0,4.921777312643826,-4.239617523737252,0.035903146784556535,0.14475815625423016,73
327,7,3,Standard,2018,Bournemouth,Bournemouth xG stats for the 2018/2019 season ,Standard,Standard,91,15,14.448550529778005,77.0,7.0,9.83206549938768,4.616485030390322,0.15877528054701104,0.12768916232971014,73
328,8,0,Fast,2018,Southampton,Southampton xG stats for the 2018/2019 season ,Fast,Fast,19,4,2.596669428050518,22.0,3.0,3.8155394494533534,-1.2188700214028358,0.13666681200265884,0.17343361133878882,74
329,9,1,Normal,2018,Southampton,Southampton xG stats for the 2018/2019 season ,Normal,Normal,202,15,18.487790144048628,212.0,25.0,23.100399100687355,-4.612608956638724,0.09152371358439916,0.10896414670135544,74
330,10,2,Slow,2018,Southampton,Southampton xG stats for the 2018/2019 season ,Slow,Slow,19,1,1.7624192535877228,22.0,4.0,3.6018015500158067,-1.8393822964280844,0.09275890808356436,0.16371825227344575,74
331,11,3,Standard,2018,Southampton,Southampton xG stats for the 2018/2019 season ,Standard,Standard,89,7,10.272079583257435,92.0,10.0,11.88793105725199,-1.615851473994553,0.11541662453098245,0.12921664192665205,74
332,12,0,Fast,2018,Leicester,Leicester xG stats for the 2018/2019 season ,Fast,Fast,23,5,4.61367135681212,12.0,2.0,2.0911091845482592,2.5225621722638607,0.20059440681791826,0.1742590987123549,75
333,13,1,Normal,2018,Leicester,Leicester xG stats for the 2018/2019 season ,Normal,Normal,183,14,15.991679145954551,178.0,20.0,18.88420483423397,-2.89252568827942,0.0873862248412817,0.10609103839457286,75
334,14,2,Slow,2018,Leicester,Leicester xG stats for the 2018/2019 season ,Slow,Slow,16,2,2.8212711047381163,15.0,2.0,0.5849902499467134,2.2362808547914037,0.17632944404613227,0.038999349996447566,75
335,15,3,Standard,2018,Leicester,Leicester xG stats for the 2018/2019 season ,Standard,Standard,91,9,10.829160668887198,84.0,7.0,9.21205531898886,1.6171053498983383,0.119001765592167,0.10966732522605784,75
336,16,0,Fast,2018,Crystal_Palace,Crystal Palace xG stats for the 2018/2019 season ,Fast,Fast,13,0,1.5556042529642582,27.0,6.0,4.985846968367697,-3.4302427154034376,0.11966186561263525,0.1846609988284332,78
337,17,1,Normal,2018,Crystal_Palace,Crystal Palace xG stats for the 2018/2019 season ,Normal,Normal,191,13,15.81754420278594,179.0,16.0,17.706524126231674,-1.888979923445732,0.08281436755385309,0.09891912919682497,78
338,18,2,Slow,2018,Crystal_Palace,Crystal Palace xG stats for the 2018/2019 season ,Slow,Slow,23,2,0.9699166473001242,18.0,0.0,1.1250911382958293,-0.15517449099570513,0.04217028901304888,0.06250506323865718,78
339,19,3,Standard,2018,Crystal_Palace,Crystal Palace xG stats for the 2018/2019 season ,Standard,Standard,97,11,12.747706454712901,86.0,11.0,9.618138909339905,3.1295675453729928,0.13141965417229792,0.1118388245272082,78
340,20,0,Fast,2018,Chelsea,Chelsea xG stats for the 2018/2019 season ,Fast,Fast,23,3,5.235176248475909,16.0,3.0,1.7108000814914703,3.524376166984439,0.2276163586293873,0.1069250050932169,80
341,21,1,Normal,2018,Chelsea,Chelsea xG stats for the 2018/2019 season ,Normal,Normal,250,28,23.93884399067611,135.0,12.0,15.599910254590213,8.338933736085893,0.09575537596270442,0.11555489077474232,80
342,22,2,Slow,2018,Chelsea,Chelsea xG stats for the 2018/2019 season ,Slow,Slow,31,2,1.6902642520144582,17.0,1.0,0.9209894095547496,0.7692748424597085,0.054524653290788976,0.054175847620867634,80
343,23,3,Standard,2018,Chelsea,Chelsea xG stats for the 2018/2019 season ,Standard,Standard,91,12,14.104912493377926,55.0,7.0,5.285216842778027,8.819695650599899,0.15499903838876838,0.09609485168687322,80
344,24,0,Fast,2018,West_Ham,West Ham xG stats for the 2018/2019 season ,Fast,Fast,18,5,4.262289682403207,15.0,4.0,2.757032928057015,1.5052567543461919,0.2367938712446226,0.18380219520380106,81
345,25,1,Normal,2018,West_Ham,West Ham xG stats for the 2018/2019 season ,Normal,Normal,163,19,17.299182774033394,212.0,20.0,26.185039578937,-8.885856804903598,0.10612995566891656,0.12351433763649525,81
346,26,2,Slow,2018,West_Ham,West Ham xG stats for the 2018/2019 season ,Slow,Slow,17,0,0.7893590228632092,6.0,1.0,1.1778980381786823,-0.3885390153154731,0.04643288369783584,0.19631633969644705,81
347,27,3,Standard,2018,West_Ham,West Ham xG stats for the 2018/2019 season ,Standard,Standard,77,6,7.672372448258103,84.0,12.0,10.517536083236335,-2.8451636349782348,0.0996412006267286,0.12520876289567068,81
348,28,0,Fast,2018,Tottenham,Tottenham xG stats for the 2018/2019 season ,Fast,Fast,32,4,5.533546229824424,22.0,5.0,2.923606368713081,2.609939861111344,0.17292331968201324,0.13289119857786733,82
349,29,1,Normal,2018,Tottenham,Tottenham xG stats for the 2018/2019 season ,Normal,Normal,187,29,25.611869799904518,183.0,10.0,17.22037436068058,8.391495439223945,0.13696187058772474,0.09410040634251683,82
350,30,2,Slow,2018,Tottenham,Tottenham xG stats for the 2018/2019 season ,Slow,Slow,22,4,2.6629065982997417,11.0,1.0,1.6305941101163626,1.0323124881833792,0.12104120901362465,0.14823582819239658,82
351,31,3,Standard,2018,Tottenham,Tottenham xG stats for the 2018/2019 season ,Standard,Standard,98,14,12.167729989625515,86.0,8.0,8.392351067624986,3.7753789220005287,0.12416051009821953,0.0975854775305231,82
352,32,0,Fast,2018,Arsenal,Arsenal xG stats for the 2018/2019 season ,Fast,Fast,21,3,3.4279216416180134,25.0,5.0,6.094910664483905,-2.6669890228658915,0.16323436388657206,0.24379642657935616,83
353,33,1,Normal,2018,Arsenal,Arsenal xG stats for the 2018/2019 season ,Normal,Normal,212,30,30.283790676854547,198.0,21.0,18.073158003855497,12.210632672999056,0.142848069230446,0.09127857577704797,83
354,34,2,Slow,2018,Arsenal,Arsenal xG stats for the 2018/2019 season ,Slow,Slow,18,6,4.8990821819752455,22.0,1.0,1.7290896251797676,3.169992556795478,0.2721712323319581,0.0785949829627167,83
355,35,3,Standard,2018,Arsenal,Arsenal xG stats for the 2018/2019 season ,Standard,Standard,61,12,6.610472971573473,78.0,9.0,10.033349487930538,-3.4228765163570642,0.10836840937005693,0.12863268574269918,83
356,36,0,Fast,2018,Newcastle_United,Newcastle United xG stats for the 2018/2019 season ,Fast,Fast,18,3,2.3389501208439465,26.0,2.0,4.877543952316046,-2.5385938314720997,0.12994167338021928,0.1875978443198479,86
357,37,1,Normal,2018,Newcastle_United,Newcastle United xG stats for the 2018/2019 season ,Normal,Normal,157,9,13.223231799434867,173.0,16.0,18.864969710819427,-5.641737911384553,0.0842244063658272,0.10904606769259782,86
358,38,2,Slow,2018,Newcastle_United,Newcastle United xG stats for the 2018/2019 season ,Slow,Slow,9,2,1.1847777031362057,26.0,1.0,1.9539426201954484,-0.7691649170592427,0.13164196701513398,0.07515163923828648,86
359,39,3,Standard,2018,Newcastle_United,Newcastle United xG stats for the 2018/2019 season ,Standard,Standard,80,7,7.869616012554616,128.0,14.0,16.9421992264688,-9.072583213914186,0.0983702001569327,0.1323609314567875,86
360,40,0,Fast,2018,Liverpool,Liverpool xG stats for the 2018/2019 season ,Fast,Fast,24,4,4.6038629468530425,17.0,2.0,2.280169110745192,2.32369383610785,0.1918276227855434,0.13412759474971714,87
361,41,1,Normal,2018,Liverpool,Liverpool xG stats for the 2018/2019 season ,Normal,Normal,214,27,29.75360313337296,127.0,8.0,11.38827140117064,18.36533173220232,0.13903552866062133,0.08967142835567432,87
362,42,2,Slow,2018,Liverpool,Liverpool xG stats for the 2018/2019 season ,Slow,Slow,27,4,3.287605913821608,11.0,0.0,0.6773800794035196,2.610225834418088,0.12176318199339288,0.061580007218501785,87
363,43,3,Standard,2018,Liverpool,Liverpool xG stats for the 2018/2019 season ,Standard,Standard,98,20,16.72000382095575,38.0,4.0,5.622347974218428,11.097655846737325,0.1706122838873036,0.14795652563732706,87
364,44,0,Fast,2018,Manchester_City,Manchester City xG stats for the 2018/2019 season ,Fast,Fast,28,3,5.884599734097719,12.0,1.0,1.4405399188399317,4.444059815257789,0.2101642762177757,0.12004499323666094,88
365,45,1,Normal,2018,Manchester_City,Manchester City xG stats for the 2018/2019 season ,Normal,Normal,279,49,42.02828400023281,100.0,10.0,11.619535446166992,30.408748554065824,0.15063901075352265,0.11619535446166993,88
366,46,2,Slow,2018,Manchester_City,Manchester City xG stats for the 2018/2019 season ,Slow,Slow,43,7,8.243579069618137,7.0,0.0,0.5107189929112792,7.7328600767068565,0.19171114115391014,0.07295985613018274,88
367,47,3,Standard,2018,Manchester_City,Manchester City xG stats for the 2018/2019 season ,Standard,Standard,87,7,9.585166581906376,45.0,9.0,6.7559911999851465,2.8291753819212317,0.11017432852765953,0.1501331377774477,88
368,48,0,Fast,2018,Manchester_United,Manchester United xG stats for the 2018/2019 season ,Fast,Fast,18,2,4.174347348511219,18.0,2.0,2.144001990556717,2.0303453579545017,0.23190818602840105,0.1191112216975954,89
369,49,1,Normal,2018,Manchester_United,Manchester United xG stats for the 2018/2019 season ,Normal,Normal,218,28,26.08680177899077,200.0,16.0,19.689302968792614,6.397498810198157,0.1196642283439944,0.09844651484396308,89
370,50,2,Slow,2018,Manchester_United,Manchester United xG stats for the 2018/2019 season ,Slow,Slow,15,2,0.6510402988642454,23.0,4.0,2.94383164960891,-2.2927913507446647,0.043402686590949695,0.1279926804177787,89
371,51,3,Standard,2018,Manchester_United,Manchester United xG stats for the 2018/2019 season ,Standard,Standard,96,17,16.535039527341723,89.0,13.0,13.328561753965914,3.2064777733758087,0.17223999507647628,0.14975912083107767,89
372,52,0,Fast,2018,Watford,Watford xG stats for the 2018/2019 season ,Fast,Fast,32,3,5.329081347212195,24.0,3.0,4.926669250242412,0.4024120969697833,0.1665337921003811,0.2052778854267672,90
373,53,1,Normal,2018,Watford,Watford xG stats for the 2018/2019 season ,Normal,Normal,171,21,19.534201554954052,174.0,16.0,20.648179463110864,-1.1139779081568122,0.1142350968125968,0.11866769806385555,90
374,54,2,Slow,2018,Watford,Watford xG stats for the 2018/2019 season ,Slow,Slow,17,1,2.9253639932721853,16.0,3.0,2.9898467920720577,-0.0644827987998724,0.17208023489836385,0.1868654245045036,90
375,55,3,Standard,2018,Watford,Watford xG stats for the 2018/2019 season ,Standard,Standard,71,8,8.546959344297647,92.0,12.0,11.070374052505937,-2.5234147082082927,0.12037970907461475,0.12033015274462976,90
376,56,0,Fast,2018,Burnley,Burnley xG stats for the 2018/2019 season ,Fast,Fast,15,0,2.010055058635772,31.0,2.0,5.280401165597142,-3.270346106961369,0.13400367057571808,0.17033552147087552,92
377,57,1,Normal,2018,Burnley,Burnley xG stats for the 2018/2019 season ,Normal,Normal,135,16,15.86604274995625,290.0,31.0,29.87288643140345,-14.006843681447208,0.11752624259226853,0.10300995321173606,92
378,58,2,Slow,2018,Burnley,Burnley xG stats for the 2018/2019 season ,Slow,Slow,9,2,2.2553900163620706,20.0,1.0,1.2527310196310282,1.0026589967310429,0.2505988907068968,0.06263655098155141,92
379,59,3,Standard,2018,Burnley,Burnley xG stats for the 2018/2019 season ,Standard,Standard,80,8,11.301638857461512,109.0,12.0,11.16688766144216,0.13475119601935148,0.1412704857182689,0.10244851065543267,92
380,60,0,Fast,2018,Huddersfield,Huddersfield xG stats for the 2018/2019 season ,Fast,Fast,11,0,0.7576559539884329,25.0,4.0,4.866845138370992,-4.109189184382558,0.06887781399894845,0.1946738055348396,219
381,61,1,Normal,2018,Huddersfield,Huddersfield xG stats for the 2018/2019 season ,Normal,Normal,165,8,10.834923362359405,194.0,28.0,22.460019314661626,-11.625095952302216,0.0656662021961176,0.11577329543640012,219
382,62,2,Slow,2018,Huddersfield,Huddersfield xG stats for the 2018/2019 season ,Slow,Slow,26,0,0.9924547737464308,17.0,2.0,2.0097291273996234,-1.0172743536531923,0.0381713374517858,0.11821936043527195,219
383,63,3,Standard,2018,Huddersfield,Huddersfield xG stats for the 2018/2019 season ,Standard,Standard,70,5,5.319823778234421,80.0,12.0,12.358552476391196,-7.038728698156773,0.07599748254620603,0.15448190595488995,219
384,64,0,Fast,2018,Brighton,Brighton xG stats for the 2018/2019 season ,Fast,Fast,11,3,1.592019660398364,20.0,3.0,2.8165498096495867,-1.2245301492512226,0.1447290600362149,0.14082749048247933,220
385,65,1,Normal,2018,Brighton,Brighton xG stats for the 2018/2019 season ,Normal,Normal,138,8,12.313495985232295,225.0,18.0,21.66211353940889,-9.3486175541766,0.0892282317770456,0.09627606017515064,220
386,66,2,Slow,2018,Brighton,Brighton xG stats for the 2018/2019 season ,Slow,Slow,12,1,0.7057065311819315,40.0,3.0,3.823484922759235,-3.1177783915773034,0.058808877598494284,0.09558712306898087,220
387,67,3,Standard,2018,Brighton,Brighton xG stats for the 2018/2019 season ,Standard,Standard,85,15,12.955525529570878,99.0,12.0,13.264849443919955,-0.30932391434907913,0.1524179474067162,0.1339883782214137,220
388,68,0,Fast,2018,Cardiff,Cardiff xG stats for the 2018/2019 season ,Fast,Fast,25,2,2.538946309126913,22.0,3.0,4.9512344896793365,-2.4122881805524234,0.10155785236507654,0.22505611316724256,227
389,69,1,Normal,2018,Cardiff,Cardiff xG stats for the 2018/2019 season ,Normal,Normal,148,11,10.405347961001098,208.0,28.0,22.264522779732946,-11.859174818731846,0.07030640514189931,0.10704097490256224,227
390,70,2,Slow,2018,Cardiff,Cardiff xG stats for the 2018/2019 season ,Slow,Slow,15,3,1.6937593128532171,25.0,3.0,1.8331518699415028,-0.13939255708828568,0.1129172875235478,0.07332607479766011,227
391,71,3,Standard,2018,Cardiff,Cardiff xG stats for the 2018/2019 season ,Standard,Standard,88,6,12.922244221437724,108.0,12.0,13.252200131304562,-0.32995590986683965,0.14684368433451958,0.12270555677133856,227
392,72,0,Fast,2018,Fulham,Fulham xG stats for the 2018/2019 season ,Fast,Fast,27,2,3.330448852851987,25.0,4.0,2.8020259980112314,0.5284228548407555,0.12334995751303655,0.11208103992044924,228
393,73,1,Normal,2018,Fulham,Fulham xG stats for the 2018/2019 season ,Normal,Normal,195,17,17.765745777171105,237.0,37.0,32.22681328561157,-14.461067508440467,0.09110638860087747,0.13597811512916275,228
394,74,2,Slow,2018,Fulham,Fulham xG stats for the 2018/2019 season ,Slow,Slow,17,1,1.495557933114469,24.0,5.0,4.014388947747648,-2.5188310146331787,0.08797399606555699,0.16726620615615198,228
395,75,3,Standard,2018,Fulham,Fulham xG stats for the 2018/2019 season ,Standard,Standard,73,5,6.491060607135296,92.0,9.0,12.168409795500338,-5.677349188365043,0.08891863845390817,0.13226532386413412,228
396,76,0,Fast,2018,Wolverhampton_Wanderers,Wolverhampton Wanderers xG stats for the 2018/2019 season ,Fast,Fast,27,5,6.262076664716005,18.0,3.0,3.973470728844404,2.288605935871601,0.23192876535985205,0.22074837382468912,229
397,77,1,Normal,2018,Wolverhampton_Wanderers,Wolverhampton Wanderers xG stats for the 2018/2019 season ,Normal,Normal,202,17,18.788836145773534,184.0,14.0,14.752971487119794,4.035864658653736,0.09301404032561153,0.08017919286478149,229
398,78,2,Slow,2018,Wolverhampton_Wanderers,Wolverhampton Wanderers xG stats for the 2018/2019 season ,Slow,Slow,15,0,0.9154024925082922,21.0,2.0,1.6848734952509403,-0.7694710027426481,0.06102683283388615,0.08023207120242573,229
399,79,3,Standard,2018,Wolverhampton_Wanderers,Wolverhampton Wanderers xG stats for the 2018/2019 season ,Standard,Standard,74,11,7.586808228865267,92.0,13.0,9.245945817790926,-1.6591375889256597,0.10252443552520628,0.10049941106294484,229
