,Unnamed: 0,shotzones,season,team,description,shotzones.1,statF,shotsF,goalsF,xGF,shotsA,goalsA,xGA,xGD,xGF/Sh,xGA/Sh,team_id
0,0,ownGoals,2014,Aston_Villa,Aston Villa xG stats for the 2014/2015 season ,ownGoals,ownGoals,0,0,0.0,1.0,1.0,1.0,-1.0,,1.0,71
1,1,shotOboxTotal,2014,Aston_Villa,Aston Villa xG stats for the 2014/2015 season ,shotOboxTotal,shotOboxTotal,168,3,4.729452880099416,186.0,8.0,5.738690706901253,-1.0092378268018365,0.028151505238687,0.030853175843555118,71
2,2,shotPenaltyArea,2014,Aston_Villa,Aston Villa xG stats for the 2014/2015 season ,shotPenaltyArea,shotPenaltyArea,225,24,23.327713225968186,270.0,36.0,34.990333713125445,-11.662620487157257,0.10367872544874747,0.12959382856713125,71
3,3,shotSixYardBox,2014,Aston_Villa,Aston Villa xG stats for the 2014/2015 season ,shotSixYardBox,shotSixYardBox,24,4,5.137062033638358,24.0,12.0,9.836178341880439,-4.699116308242084,0.21404425140159825,0.4098407642450184,71
4,4,ownGoals,2014,Everton,Everton xG stats for the 2014/2015 season ,ownGoals,ownGoals,2,2,2.0,2.0,2.0,2.0,0.0,1.0,1.0,72
5,5,shotOboxTotal,2014,Everton,Everton xG stats for the 2014/2015 season ,shotOboxTotal,shotOboxTotal,238,8,7.163022377993912,230.0,6.0,7.333536992780862,-0.17051461478695273,0.030096732680646686,0.03188494344687332,72
6,6,shotPenaltyArea,2014,Everton,Everton xG stats for the 2014/2015 season ,shotPenaltyArea,shotPenaltyArea,224,29,30.54320882726461,248.0,33.0,29.986293572001166,0.5569152552634478,0.1363536108360027,0.12091247408064985,72
7,7,shotSixYardBox,2014,Everton,Everton xG stats for the 2014/2015 season ,shotSixYardBox,shotSixYardBox,21,9,7.385127617046237,25.0,9.0,9.245904713869097,-1.8607770968228576,0.3516727436688684,0.3698361885547638,72
8,8,ownGoals,2014,Southampton,Southampton xG stats for the 2014/2015 season ,ownGoals,ownGoals,5,5,5.0,0.0,0.0,0.0,5.0,1.0,,74
9,9,shotOboxTotal,2014,Southampton,Southampton xG stats for the 2014/2015 season ,shotOboxTotal,shotOboxTotal,192,4,5.829753543250263,156.0,7.0,4.366684481035918,1.4630690622143447,0.03036329970442845,0.02799156718612768,74
10,10,shotPenaltyArea,2014,Southampton,Southampton xG stats for the 2014/2015 season ,shotPenaltyArea,shotPenaltyArea,287,38,39.54495547991246,203.0,20.0,26.789085010997947,12.755870468914509,0.1377873013237368,0.13196593601476822,74
11,11,shotSixYardBox,2014,Southampton,Southampton xG stats for the 2014/2015 season ,shotSixYardBox,shotSixYardBox,31,7,10.457074251025917,26.0,6.0,8.4198286999017,2.037245551124215,0.3373249758395456,0.32383956538083464,74
12,12,ownGoals,2014,Leicester,Leicester xG stats for the 2014/2015 season ,ownGoals,ownGoals,1,1,1.0,5.0,5.0,5.0,-4.0,1.0,1.0,75
13,13,shotOboxTotal,2014,Leicester,Leicester xG stats for the 2014/2015 season ,shotOboxTotal,shotOboxTotal,167,8,5.893948218319565,239.0,5.0,7.372612269595264,-1.4786640512757003,0.03529310310370997,0.030847750081988562,75
14,14,shotPenaltyArea,2014,Leicester,Leicester xG stats for the 2014/2015 season ,shotPenaltyArea,shotPenaltyArea,260,25,31.12089321948588,282.0,32.0,35.906357064377524,-4.785463844891638,0.11969574315186875,0.12732750732048764,75
15,15,shotSixYardBox,2014,Leicester,Leicester xG stats for the 2014/2015 season ,shotSixYardBox,shotSixYardBox,30,12,11.544589653611185,37.0,13.0,14.529886894859375,-2.9852972412481904,0.3848196551203728,0.3926996458070101,75
16,16,ownGoals,2014,West_Bromwich_Albion,West Bromwich Albion xG stats for the 2014/2015 season ,ownGoals,ownGoals,1,1,1.0,0.0,0.0,0.0,1.0,1.0,,76
17,17,shotOboxTotal,2014,West_Bromwich_Albion,West Bromwich Albion xG stats for the 2014/2015 season ,shotOboxTotal,shotOboxTotal,190,3,5.425930588040501,257.0,8.0,7.764193833805621,-2.33826324576512,0.028557529410739482,0.030210870948660002,76
18,18,shotPenaltyArea,2014,West_Bromwich_Albion,West Bromwich Albion xG stats for the 2014/2015 season ,shotPenaltyArea,shotPenaltyArea,186,22,23.18824860267341,253.0,30.0,32.08577037695795,-8.897521774284543,0.12466800324017965,0.12682122678639507,76
19,19,shotSixYardBox,2014,West_Bromwich_Albion,West Bromwich Albion xG stats for the 2014/2015 season ,shotSixYardBox,shotSixYardBox,35,12,10.623155580833554,37.0,13.0,14.604014221578836,-3.9808586407452817,0.3035187308809587,0.3947030870696983,76
20,20,ownGoals,2014,Sunderland,Sunderland xG stats for the 2014/2015 season ,ownGoals,ownGoals,1,1,1.0,5.0,5.0,5.0,-4.0,1.0,1.0,77
21,21,shotOboxTotal,2014,Sunderland,Sunderland xG stats for the 2014/2015 season ,shotOboxTotal,shotOboxTotal,194,6,5.514282682910562,294.0,6.0,7.972316695377231,-2.458034012466669,0.02842413754077609,0.02711672345366405,77
22,22,shotPenaltyArea,2014,Sunderland,Sunderland xG stats for the 2014/2015 season ,shotPenaltyArea,shotPenaltyArea,185,16,22.807457353919744,304.0,32.0,33.541593303903944,-10.734135949984193,0.12328355326443105,0.110334188499684,77
23,23,shotSixYardBox,2014,Sunderland,Sunderland xG stats for the 2014/2015 season ,shotSixYardBox,shotSixYardBox,29,8,9.301570070907477,28.0,10.0,10.06592514552176,-0.7643550746142864,0.32074379554853355,0.3594973266257772,77
24,24,ownGoals,2014,Crystal_Palace,Crystal Palace xG stats for the 2014/2015 season ,ownGoals,ownGoals,1,1,1.0,0.0,0.0,0.0,1.0,1.0,,78
25,25,shotOboxTotal,2014,Crystal_Palace,Crystal Palace xG stats for the 2014/2015 season ,shotOboxTotal,shotOboxTotal,166,6,4.2680714800953865,244.0,10.0,7.1502712769433865,-2.8821997968479987,0.02571127397647823,0.02930439047927617,78
26,26,shotPenaltyArea,2014,Crystal_Palace,Crystal Palace xG stats for the 2014/2015 season ,shotPenaltyArea,shotPenaltyArea,232,26,26.9525656029582,252.0,32.0,29.28045523818583,-2.3278896352276206,0.1161748517368888,0.11619228269121358,78
27,27,shotSixYardBox,2014,Crystal_Palace,Crystal Palace xG stats for the 2014/2015 season ,shotSixYardBox,shotSixYardBox,44,14,14.777591082267465,30.0,9.0,10.28929965943098,4.4882914228364825,0.335854342778806,0.342976655314366,78
28,28,ownGoals,2014,Chelsea,Chelsea xG stats for the 2014/2015 season ,ownGoals,ownGoals,1,1,1.0,1.0,1.0,1.0,0.0,1.0,1.0,80
29,29,shotOboxTotal,2014,Chelsea,Chelsea xG stats for the 2014/2015 season ,shotOboxTotal,shotOboxTotal,230,7,8.550727932713926,207.0,5.0,5.937324411701411,2.6134035210125157,0.03717707796832142,0.028682726626576862,80
30,30,shotPenaltyArea,2014,Chelsea,Chelsea xG stats for the 2014/2015 season ,shotPenaltyArea,shotPenaltyArea,292,46,42.09741835296154,195.0,21.0,22.205242816358805,19.892175536602736,0.1441692409347998,0.1138730400838913,80
31,31,shotSixYardBox,2014,Chelsea,Chelsea xG stats for the 2014/2015 season ,shotSixYardBox,shotSixYardBox,42,19,20.26316860690713,14.0,5.0,3.664569515734911,16.598599091172222,0.4824563954025507,0.2617549654096365,80
32,32,ownGoals,2014,West_Ham,West Ham xG stats for the 2014/2015 season ,ownGoals,ownGoals,1,1,1.0,2.0,2.0,2.0,-1.0,1.0,1.0,81
33,33,shotOboxTotal,2014,West_Ham,West Ham xG stats for the 2014/2015 season ,shotOboxTotal,shotOboxTotal,176,9,5.37682244181633,250.0,4.0,7.530424521770327,-2.1536020799539983,0.030550127510320057,0.03012169808708132,81
34,34,shotPenaltyArea,2014,West_Ham,West Ham xG stats for the 2014/2015 season ,shotPenaltyArea,shotPenaltyArea,266,23,28.914620256517075,300.0,27.0,37.554230094887316,-8.639609838370234,0.10870157991171836,0.12518076698295771,81
35,35,shotSixYardBox,2014,West_Ham,West Ham xG stats for the 2014/2015 season ,shotSixYardBox,shotSixYardBox,47,11,12.654035275802016,38.0,14.0,13.648778235539794,-0.9947429597377776,0.2692347931021706,0.3591783746194683,81
36,36,ownGoals,2014,Tottenham,Tottenham xG stats for the 2014/2015 season ,ownGoals,ownGoals,2,2,2.0,2.0,2.0,2.0,0.0,1.0,1.0,82
37,37,shotOboxTotal,2014,Tottenham,Tottenham xG stats for the 2014/2015 season ,shotOboxTotal,shotOboxTotal,272,11,7.851280313916504,155.0,7.0,5.334290542174131,2.5169897717423737,0.0288650011541048,0.034414777691446005,82
38,38,shotPenaltyArea,2014,Tottenham,Tottenham xG stats for the 2014/2015 season ,shotPenaltyArea,shotPenaltyArea,227,33,34.07220072811469,299.0,35.0,41.76808941457421,-7.6958886864595115,0.1500978005643819,0.13969260673770634,82
39,39,shotSixYardBox,2014,Tottenham,Tottenham xG stats for the 2014/2015 season ,shotSixYardBox,shotSixYardBox,28,12,11.224704623222351,36.0,9.0,10.879529023543,0.34517559967935085,0.4008823079722269,0.3022091395428611,82
40,40,ownGoals,2014,Arsenal,Arsenal xG stats for the 2014/2015 season ,ownGoals,ownGoals,2,2,2.0,1.0,1.0,1.0,1.0,1.0,1.0,83
41,41,shotOboxTotal,2014,Arsenal,Arsenal xG stats for the 2014/2015 season ,shotOboxTotal,shotOboxTotal,233,9,8.357842826284468,165.0,3.0,4.3906134930439285,3.967229333240539,0.035870570069890424,0.026609778745720784,83
42,42,shotPenaltyArea,2014,Arsenal,Arsenal xG stats for the 2014/2015 season ,shotPenaltyArea,shotPenaltyArea,343,46,49.47665118519218,212.0,23.0,23.826809974387288,25.649841210804876,0.1442467964582862,0.1123906130867325,83
43,43,shotSixYardBox,2014,Arsenal,Arsenal xG stats for the 2014/2015 season ,shotSixYardBox,shotSixYardBox,34,14,13.55384198576212,29.0,9.0,7.777388837188482,5.776453148573638,0.3986424113459447,0.2681858219720166,83
44,44,ownGoals,2014,Swansea,Swansea xG stats for the 2014/2015 season ,ownGoals,ownGoals,3,3,3.0,1.0,1.0,1.0,2.0,1.0,1.0,84
45,45,shotOboxTotal,2014,Swansea,Swansea xG stats for the 2014/2015 season ,shotOboxTotal,shotOboxTotal,203,8,6.374435096047819,243.0,6.0,8.099508588202298,-1.725073492154479,0.031401158108609946,0.033331311062560896,84
46,46,shotPenaltyArea,2014,Swansea,Swansea xG stats for the 2014/2015 season ,shotPenaltyArea,shotPenaltyArea,203,30,29.285546158440408,275.0,31.0,35.62427041120827,-6.338724252767861,0.14426377417950942,0.1295428014953028,84
47,47,shotSixYardBox,2014,Swansea,Swansea xG stats for the 2014/2015 season ,shotSixYardBox,shotSixYardBox,20,5,5.87605893984437,36.0,11.0,12.96714549139142,-7.0910865515470505,0.2938029469922185,0.3601984858719839,84
48,48,ownGoals,2014,Stoke,Stoke xG stats for the 2014/2015 season ,ownGoals,ownGoals,1,1,1.0,0.0,0.0,0.0,1.0,1.0,,85
49,49,shotOboxTotal,2014,Stoke,Stoke xG stats for the 2014/2015 season ,shotOboxTotal,shotOboxTotal,240,7,6.524555860552938,202.0,5.0,6.662749539129436,-0.13819367857649922,0.02718564941897057,0.032983908609551665,85
50,50,shotPenaltyArea,2014,Stoke,Stoke xG stats for the 2014/2015 season ,shotPenaltyArea,shotPenaltyArea,219,28,22.936566006857905,222.0,28.0,28.34842757508159,-5.411861568223685,0.1047331781135064,0.1276956197075747,85
51,51,shotSixYardBox,2014,Stoke,Stoke xG stats for the 2014/2015 season ,shotSixYardBox,shotSixYardBox,43,12,17.97950940113515,31.0,12.0,13.379485748708248,4.6000236524268985,0.4181281256077941,0.4315963144744596,85
52,52,ownGoals,2014,Newcastle_United,Newcastle United xG stats for the 2014/2015 season ,ownGoals,ownGoals,0,0,0.0,1.0,1.0,1.0,-1.0,,1.0,86
53,53,shotOboxTotal,2014,Newcastle_United,Newcastle United xG stats for the 2014/2015 season ,shotOboxTotal,shotOboxTotal,200,6,5.541224100161344,169.0,8.0,5.13941051159054,0.4018135885708034,0.02770612050080672,0.030410713086334563,86
54,54,shotPenaltyArea,2014,Newcastle_United,Newcastle United xG stats for the 2014/2015 season ,shotPenaltyArea,shotPenaltyArea,229,26,25.112424261868,244.0,47.0,38.24030848778784,-13.127884225919844,0.10966124131820087,0.1567225757696223,86
55,55,shotSixYardBox,2014,Newcastle_United,Newcastle United xG stats for the 2014/2015 season ,shotSixYardBox,shotSixYardBox,39,8,10.055537292733787,33.0,7.0,8.098349019885061,1.957188272848725,0.2578342895572766,0.2454045157540929,86
56,56,ownGoals,2014,Liverpool,Liverpool xG stats for the 2014/2015 season ,ownGoals,ownGoals,4,4,4.0,2.0,2.0,2.0,2.0,1.0,1.0,87
57,57,shotOboxTotal,2014,Liverpool,Liverpool xG stats for the 2014/2015 season ,shotOboxTotal,shotOboxTotal,285,8,8.752665724605322,199.0,11.0,6.775742990896107,1.976922733709216,0.030711107805632708,0.03404895975324676,87
58,58,shotPenaltyArea,2014,Liverpool,Liverpool xG stats for the 2014/2015 season ,shotPenaltyArea,shotPenaltyArea,280,33,35.161928314715624,191.0,24.0,24.553850979544226,10.608077335171403,0.12557831540969866,0.12855419361017914,87
59,59,shotSixYardBox,2014,Liverpool,Liverpool xG stats for the 2014/2015 season ,shotSixYardBox,shotSixYardBox,25,7,8.28134948387742,25.0,11.0,8.133937392383814,0.14741209149360654,0.3312539793550968,0.3253574956953525,87
60,60,ownGoals,2014,Manchester_City,Manchester City xG stats for the 2014/2015 season ,ownGoals,ownGoals,1,1,1.0,3.0,3.0,3.0,-2.0,1.0,1.0,88
61,61,shotOboxTotal,2014,Manchester_City,Manchester City xG stats for the 2014/2015 season ,shotOboxTotal,shotOboxTotal,228,15,8.861614483408632,173.0,6.0,5.194026852026582,3.667587631382048,0.038866730190388735,0.03002327660130972,88
62,62,shotPenaltyArea,2014,Manchester_City,Manchester City xG stats for the 2014/2015 season ,shotPenaltyArea,shotPenaltyArea,410,54,54.70223672036082,187.0,21.0,26.580844585318122,28.121392135042697,0.13342008956185564,0.14214355393218245,88
63,63,shotSixYardBox,2014,Manchester_City,Manchester City xG stats for the 2014/2015 season ,shotSixYardBox,shotSixYardBox,32,13,13.455741986632347,27.0,8.0,9.609858782961963,3.845883203670384,0.4204919370822609,0.355920695665258,88
64,64,ownGoals,2014,Manchester_United,Manchester United xG stats for the 2014/2015 season ,ownGoals,ownGoals,2,2,2.0,1.0,1.0,1.0,1.0,1.0,1.0,89
65,65,shotOboxTotal,2014,Manchester_United,Manchester United xG stats for the 2014/2015 season ,shotOboxTotal,shotOboxTotal,203,7,5.749881353229284,134.0,5.0,4.0725102769210935,1.6773710763081908,0.028324538685858543,0.03039186773821712,89
66,66,shotPenaltyArea,2014,Manchester_United,Manchester United xG stats for the 2014/2015 season ,shotPenaltyArea,shotPenaltyArea,273,39,36.49581021908671,213.0,24.0,27.31612370349467,9.179686515592039,0.13368428651680112,0.12824471222297967,89
67,67,shotSixYardBox,2014,Manchester_United,Manchester United xG stats for the 2014/2015 season ,shotSixYardBox,shotSixYardBox,37,14,13.006526313722134,35.0,7.0,9.045711671933534,3.960814641788602,0.3515277382087063,0.25844890491238665,89
68,68,ownGoals,2014,Hull,Hull xG stats for the 2014/2015 season ,ownGoals,ownGoals,1,1,1.0,0.0,0.0,0.0,1.0,1.0,,91
69,69,shotOboxTotal,2014,Hull,Hull xG stats for the 2014/2015 season ,shotOboxTotal,shotOboxTotal,188,3,5.355801699217409,223.0,13.0,6.7497715330682695,-1.3939698338508606,0.0284883069107309,0.0302680337805752,91
70,70,shotPenaltyArea,2014,Hull,Hull xG stats for the 2014/2015 season ,shotPenaltyArea,shotPenaltyArea,221,25,21.548998676240444,244.0,32.0,30.316130728460852,-8.767132052220402,0.0975067813404545,0.1242464374117248,91
71,71,shotSixYardBox,2014,Hull,Hull xG stats for the 2014/2015 season ,shotSixYardBox,shotSixYardBox,20,4,6.009941197931767,36.0,6.0,10.810873378068207,-4.800932180136441,0.3004970598965883,0.30030203827967245,91
72,72,ownGoals,2014,Burnley,Burnley xG stats for the 2014/2015 season ,ownGoals,ownGoals,1,1,1.0,2.0,2.0,2.0,-1.0,1.0,1.0,92
73,73,shotOboxTotal,2014,Burnley,Burnley xG stats for the 2014/2015 season ,shotOboxTotal,shotOboxTotal,177,4,5.44225934939459,264.0,6.0,7.5615838640369475,-2.1193245146423583,0.030747227962681294,0.028642363121352075,92
74,74,shotPenaltyArea,2014,Burnley,Burnley xG stats for the 2014/2015 season ,shotPenaltyArea,shotPenaltyArea,221,16,26.505292977206413,272.0,24.0,31.144458325579762,-4.6391653483733535,0.11993345238554935,0.11450168502051385,92
75,75,shotSixYardBox,2014,Burnley,Burnley xG stats for the 2014/2015 season ,shotSixYardBox,shotSixYardBox,32,7,7.513218902051449,56.0,21.0,19.69618996139616,-12.182971059344707,0.2347880906891077,0.35171767788207425,92
76,76,ownGoals,2014,Queens_Park_Rangers,Queens Park Rangers xG stats for the 2014/2015 season ,ownGoals,ownGoals,3,3,3.0,4.0,4.0,4.0,-1.0,1.0,1.0,202
77,77,shotOboxTotal,2014,Queens_Park_Rangers,Queens Park Rangers xG stats for the 2014/2015 season ,shotOboxTotal,shotOboxTotal,271,8,7.501899782102555,231.0,11.0,7.919209353160112,-0.4173095710575581,0.027682287018828616,0.034282291572121704,202
78,78,shotPenaltyArea,2014,Queens_Park_Rangers,Queens Park Rangers xG stats for the 2014/2015 season ,shotPenaltyArea,shotPenaltyArea,227,21,28.680734826251864,344.0,48.0,42.416795619763434,-13.73606079351157,0.12634684945485405,0.12330463842954488,202
79,79,shotSixYardBox,2014,Queens_Park_Rangers,Queens Park Rangers xG stats for the 2014/2015 season ,shotSixYardBox,shotSixYardBox,37,10,11.259701017290356,47.0,10.0,15.656650580465795,-4.39694956317544,0.3043162437105501,0.3331202251162935,202
80,0,ownGoals,2015,Aston_Villa,Aston Villa xG stats for the 2015/2016 season ,ownGoals,ownGoals,3,3,3.0,4.0,4.0,4.0,-1.0,1.0,1.0,71
81,1,shotOboxTotal,2015,Aston_Villa,Aston Villa xG stats for the 2015/2016 season ,shotOboxTotal,shotOboxTotal,177,6,4.881992533802986,184.0,9.0,6.762885546311736,-1.88089301250875,0.027581878722050767,0.03675481275169422,71
82,2,shotPenaltyArea,2015,Aston_Villa,Aston Villa xG stats for the 2015/2016 season ,shotPenaltyArea,shotPenaltyArea,187,14,17.061155048198998,278.0,51.0,41.494836907833815,-24.43368185963481,0.09123612325240106,0.14926200326558925,71
83,3,shotSixYardBox,2015,Aston_Villa,Aston Villa xG stats for the 2015/2016 season ,shotSixYardBox,shotSixYardBox,16,4,4.742615772411226,38.0,12.0,11.081620836630464,-6.339005064219236,0.2964134857757017,0.2916216009639596,71
84,4,ownGoals,2015,Everton,Everton xG stats for the 2015/2016 season ,ownGoals,ownGoals,3,3,3.0,1.0,1.0,1.0,2.0,1.0,1.0,72
85,5,shotOboxTotal,2015,Everton,Everton xG stats for the 2015/2016 season ,shotOboxTotal,shotOboxTotal,194,6,6.440208747051656,220.0,4.0,6.1784966848790654,0.2617120621725917,0.03319695230438998,0.028084075840359383,72
86,6,shotPenaltyArea,2015,Everton,Everton xG stats for the 2015/2016 season ,shotPenaltyArea,shotPenaltyArea,264,41,36.866236062720425,294.0,38.0,36.7665836783126,0.09965238440781833,0.13964483357091068,0.12505640706909044,72
87,7,shotSixYardBox,2015,Everton,Everton xG stats for the 2015/2016 season ,shotSixYardBox,shotSixYardBox,33,9,11.4278564453125,40.0,12.0,11.957606578245759,-0.5297501329332589,0.3462986801609849,0.29894016445614396,72
88,8,ownGoals,2015,Bournemouth,Bournemouth xG stats for the 2015/2016 season ,ownGoals,ownGoals,2,2,2.0,0.0,0.0,0.0,2.0,1.0,,73
89,9,shotOboxTotal,2015,Bournemouth,Bournemouth xG stats for the 2015/2016 season ,shotOboxTotal,shotOboxTotal,215,6,6.461003824137151,173.0,7.0,5.374987011775374,1.0860168123617768,0.030051180577382094,0.03106928908540679,73
90,10,shotPenaltyArea,2015,Bournemouth,Bournemouth xG stats for the 2015/2016 season ,shotPenaltyArea,shotPenaltyArea,231,30,26.171434666030112,238.0,45.0,37.19449570309371,-11.023061037063599,0.1132962539654983,0.15627939371047778,73
91,11,shotSixYardBox,2015,Bournemouth,Bournemouth xG stats for the 2015/2016 season ,shotSixYardBox,shotSixYardBox,18,7,6.2028388530015945,28.0,15.0,11.908519174903633,-5.705680321902037,0.3446021585000886,0.4253042562465583,73
92,12,ownGoals,2015,Southampton,Southampton xG stats for the 2015/2016 season ,ownGoals,ownGoals,2,2,2.0,0.0,0.0,0.0,2.0,1.0,,74
93,13,shotOboxTotal,2015,Southampton,Southampton xG stats for the 2015/2016 season ,shotOboxTotal,shotOboxTotal,181,6,5.810270804446192,199.0,6.0,5.654808369465172,0.1554624349810183,0.03210094367097343,0.02841612245962398,74
94,14,shotPenaltyArea,2015,Southampton,Southampton xG stats for the 2015/2016 season ,shotPenaltyArea,shotPenaltyArea,301,36,39.452242077328265,238.0,24.0,27.172420342452828,12.27982173487544,0.13107057168547595,0.11416983337165053,74
95,15,shotSixYardBox,2015,Southampton,Southampton xG stats for the 2015/2016 season ,shotSixYardBox,shotSixYardBox,37,15,12.14295900054276,25.0,11.0,11.941640570759773,0.20131842978298664,0.32818808109575026,0.4776656228303909,74
96,16,ownGoals,2015,Leicester,Leicester xG stats for the 2015/2016 season ,ownGoals,ownGoals,1,1,1.0,0.0,0.0,0.0,1.0,1.0,,75
97,17,shotOboxTotal,2015,Leicester,Leicester xG stats for the 2015/2016 season ,shotOboxTotal,shotOboxTotal,187,3,6.1679903995245695,202.0,4.0,5.59684510435909,0.5711452951654792,0.03298390587981053,0.02770715398197569,75
98,18,shotPenaltyArea,2015,Leicester,Leicester xG stats for the 2015/2016 season ,shotPenaltyArea,shotPenaltyArea,289,54,46.79632347822189,270.0,21.0,27.81435482483357,18.98196865338832,0.1619249947343318,0.10301612898086507,75
99,19,shotSixYardBox,2015,Leicester,Leicester xG stats for the 2015/2016 season ,shotSixYardBox,shotSixYardBox,46,10,16.47912279330194,46.0,11.0,12.32161927036941,4.1575035229325294,0.35824179985439003,0.26786128848629154,75
100,20,ownGoals,2015,West_Bromwich_Albion,West Bromwich Albion xG stats for the 2015/2016 season ,ownGoals,ownGoals,2,2,2.0,3.0,3.0,3.0,-1.0,1.0,1.0,76
101,21,shotOboxTotal,2015,West_Bromwich_Albion,West Bromwich Albion xG stats for the 2015/2016 season ,shotOboxTotal,shotOboxTotal,155,3,4.6720318235456935,253.0,9.0,8.018728295341134,-3.3466964717954397,0.030142140797068995,0.03169457824245508,76
102,22,shotPenaltyArea,2015,West_Bromwich_Albion,West Bromwich Albion xG stats for the 2015/2016 season ,shotPenaltyArea,shotPenaltyArea,185,17,21.47139428555965,259.0,25.0,31.94829555787146,-10.476901272311807,0.11606159073275488,0.1233524925014342,76
103,23,shotSixYardBox,2015,West_Bromwich_Albion,West Bromwich Albion xG stats for the 2015/2016 season ,shotSixYardBox,shotSixYardBox,49,12,14.847431356087327,35.0,11.0,12.344460165128114,2.5029711909592147,0.30300880318545564,0.3526988618608032,76
104,24,ownGoals,2015,Sunderland,Sunderland xG stats for the 2015/2016 season ,ownGoals,ownGoals,4,4,4.0,1.0,1.0,1.0,3.0,1.0,1.0,77
105,25,shotOboxTotal,2015,Sunderland,Sunderland xG stats for the 2015/2016 season ,shotOboxTotal,shotOboxTotal,199,8,6.312751756049693,238.0,3.0,7.431963942013682,-1.1192121859639883,0.03172237063341553,0.03122673925215832,77
106,26,shotPenaltyArea,2015,Sunderland,Sunderland xG stats for the 2015/2016 season ,shotPenaltyArea,shotPenaltyArea,212,25,24.575858629308637,295.0,47.0,40.11218377202749,-15.536325142718852,0.11592386145900302,0.1359735043119576,77
107,27,shotSixYardBox,2015,Sunderland,Sunderland xG stats for the 2015/2016 season ,shotSixYardBox,shotSixYardBox,28,11,9.98758866265416,38.0,11.0,11.532615579664707,-1.5450269170105455,0.3566995950947915,0.30348988367538704,77
108,28,ownGoals,2015,Crystal_Palace,Crystal Palace xG stats for the 2015/2016 season ,ownGoals,ownGoals,1,1,1.0,4.0,4.0,4.0,-3.0,1.0,1.0,78
109,29,shotOboxTotal,2015,Crystal_Palace,Crystal Palace xG stats for the 2015/2016 season ,shotOboxTotal,shotOboxTotal,195,6,5.3151830276474366,270.0,11.0,7.990345191210508,-2.6751621635630727,0.02725734885973044,0.02959387107855744,78
110,30,shotPenaltyArea,2015,Crystal_Palace,Crystal Palace xG stats for the 2015/2016 season ,shotPenaltyArea,shotPenaltyArea,236,20,25.862420667894177,266.0,27.0,34.17563391104341,-8.313213243149223,0.10958652825378892,0.12847982673324587,78
111,31,shotSixYardBox,2015,Crystal_Palace,Crystal Palace xG stats for the 2015/2016 season ,shotSixYardBox,shotSixYardBox,38,12,11.48741826042533,32.0,9.0,11.611691469326615,-0.12427320890128613,0.3023004805375087,0.3628653584164567,78
112,32,ownGoals,2015,Norwich,Norwich xG stats for the 2015/2016 season ,ownGoals,ownGoals,1,1,1.0,2.0,2.0,2.0,-1.0,1.0,1.0,79
113,33,shotOboxTotal,2015,Norwich,Norwich xG stats for the 2015/2016 season ,shotOboxTotal,shotOboxTotal,186,6,5.778905355371535,175.0,7.0,5.829735512845218,-0.050830157473683364,0.031069383631029762,0.03331277435911553,79
114,34,shotPenaltyArea,2015,Norwich,Norwich xG stats for the 2015/2016 season ,shotPenaltyArea,shotPenaltyArea,201,25,23.40528508834541,274.0,45.0,39.456810602918274,-16.05152551457286,0.1164442044196289,0.1440029584048112,79
115,35,shotSixYardBox,2015,Norwich,Norwich xG stats for the 2015/2016 season ,shotSixYardBox,shotSixYardBox,31,7,10.186942862346767,41.0,13.0,14.280677363276482,-4.093734500929712,0.32861106007570223,0.3483092039823532,79
116,36,ownGoals,2015,Chelsea,Chelsea xG stats for the 2015/2016 season ,ownGoals,ownGoals,4,4,4.0,2.0,2.0,2.0,2.0,1.0,1.0,80
117,37,shotOboxTotal,2015,Chelsea,Chelsea xG stats for the 2015/2016 season ,shotOboxTotal,shotOboxTotal,207,11,6.4981600595638165,212.0,11.0,6.322327014990151,0.17583304457366467,0.03139207758243389,0.02982229724051958,80
118,38,shotPenaltyArea,2015,Chelsea,Chelsea xG stats for the 2015/2016 season ,shotPenaltyArea,shotPenaltyArea,285,35,37.3346168268472,248.0,35.0,31.22361327987165,6.111003546975553,0.1309986555327972,0.12590166645109532,80
119,39,shotSixYardBox,2015,Chelsea,Chelsea xG stats for the 2015/2016 season ,shotSixYardBox,shotSixYardBox,34,9,11.006189903244376,23.0,5.0,7.753673527389765,3.2525163758546114,0.3237114677424817,0.3371162403212941,80
120,40,ownGoals,2015,West_Ham,West Ham xG stats for the 2015/2016 season ,ownGoals,ownGoals,1,1,1.0,2.0,2.0,2.0,-1.0,1.0,1.0,81
121,41,shotOboxTotal,2015,West_Ham,West Ham xG stats for the 2015/2016 season ,shotOboxTotal,shotOboxTotal,229,10,7.0001190206967285,216.0,8.0,6.8354593478143215,0.1646596728824079,0.030568205330553405,0.031645645128770016,81
122,42,shotPenaltyArea,2015,West_Ham,West Ham xG stats for the 2015/2016 season ,shotPenaltyArea,shotPenaltyArea,284,43,35.92547167930752,270.0,35.0,38.63783843815328,-2.7123667588457465,0.12649813971587154,0.1431031053264936,81
123,43,shotSixYardBox,2015,West_Ham,West Ham xG stats for the 2015/2016 season ,shotSixYardBox,shotSixYardBox,45,11,12.626405542716384,36.0,6.0,11.197177052497864,1.4292284902185202,0.2805867898381419,0.3110326959027184,81
124,44,ownGoals,2015,Tottenham,Tottenham xG stats for the 2015/2016 season ,ownGoals,ownGoals,1,1,1.0,3.0,3.0,3.0,-2.0,1.0,1.0,82
125,45,shotOboxTotal,2015,Tottenham,Tottenham xG stats for the 2015/2016 season ,shotOboxTotal,shotOboxTotal,300,10,8.504410929512233,177.0,2.0,5.297139767557383,3.20727116195485,0.028348036431707437,0.02992734331953324,82
126,46,shotPenaltyArea,2015,Tottenham,Tottenham xG stats for the 2015/2016 season ,shotPenaltyArea,shotPenaltyArea,324,46,44.83672443497926,220.0,21.0,23.40966386161745,21.42706057336181,0.13838495195981254,0.10640756300735203,82
127,47,shotSixYardBox,2015,Tottenham,Tottenham xG stats for the 2015/2016 season ,shotSixYardBox,shotSixYardBox,34,12,10.577491965144873,25.0,9.0,8.58201770298183,1.9954742621630432,0.3111027048572021,0.3432807081192732,82
128,48,ownGoals,2015,Arsenal,Arsenal xG stats for the 2015/2016 season ,ownGoals,ownGoals,3,3,3.0,3.0,3.0,3.0,0.0,1.0,1.0,83
129,49,shotOboxTotal,2015,Arsenal,Arsenal xG stats for the 2015/2016 season ,shotOboxTotal,shotOboxTotal,158,4,5.834657873958349,218.0,11.0,6.04985351767391,-0.21519564371556044,0.03692821439214145,0.02775162164070601,83
130,50,shotPenaltyArea,2015,Arsenal,Arsenal xG stats for the 2015/2016 season ,shotPenaltyArea,shotPenaltyArea,361,42,49.52653975225986,205.0,17.0,21.109470003284518,28.41706974897533,0.13719263089268655,0.10297302440626592,83
131,51,shotSixYardBox,2015,Arsenal,Arsenal xG stats for the 2015/2016 season ,shotSixYardBox,shotSixYardBox,53,16,19.075225528329607,27.0,5.0,6.793418627232312,12.281806901097298,0.3599099156288606,0.2516080973049005,83
132,52,ownGoals,2015,Swansea,Swansea xG stats for the 2015/2016 season ,ownGoals,ownGoals,1,1,1.0,5.0,5.0,5.0,-4.0,1.0,1.0,84
133,53,shotOboxTotal,2015,Swansea,Swansea xG stats for the 2015/2016 season ,shotOboxTotal,shotOboxTotal,204,7,6.165112773422152,202.0,4.0,7.425914683379233,-1.260801909957081,0.03022114104618702,0.03676195387811501,84
134,54,shotPenaltyArea,2015,Swansea,Swansea xG stats for the 2015/2016 season ,shotPenaltyArea,shotPenaltyArea,218,28,27.443443911150087,283.0,28.0,34.39962508995086,-6.956181178800763,0.12588735739059678,0.12155344554752955,84
135,55,shotSixYardBox,2015,Swansea,Swansea xG stats for the 2015/2016 season ,shotSixYardBox,shotSixYardBox,19,6,7.075507529079914,36.0,15.0,14.004703659564257,-6.929196130484343,0.3723951331094692,0.3890195460990071,84
136,56,ownGoals,2015,Stoke,Stoke xG stats for the 2015/2016 season ,ownGoals,ownGoals,1,1,1.0,0.0,0.0,0.0,1.0,1.0,,85
137,57,shotOboxTotal,2015,Stoke,Stoke xG stats for the 2015/2016 season ,shotOboxTotal,shotOboxTotal,201,8,6.087910871952772,217.0,12.0,6.4116778848692775,-0.3237670129165053,0.030288113790809805,0.029546902695250125,85
138,58,shotPenaltyArea,2015,Stoke,Stoke xG stats for the 2015/2016 season ,shotPenaltyArea,shotPenaltyArea,192,22,28.303688676096506,288.0,31.0,36.70683148875833,-8.403142812661827,0.1474150451880026,0.12745427600263307,85
139,59,shotSixYardBox,2015,Stoke,Stoke xG stats for the 2015/2016 season ,shotSixYardBox,shotSixYardBox,25,10,8.344672352075577,30.0,12.0,11.546409472823145,-3.2017371207475662,0.3337868940830231,0.3848803157607714,85
140,60,ownGoals,2015,Newcastle_United,Newcastle United xG stats for the 2015/2016 season ,ownGoals,ownGoals,1,1,1.0,2.0,2.0,2.0,-1.0,1.0,1.0,86
141,61,shotOboxTotal,2015,Newcastle_United,Newcastle United xG stats for the 2015/2016 season ,shotOboxTotal,shotOboxTotal,138,6,4.336469459813088,236.0,11.0,8.233626084402204,-3.8971566245891154,0.031423691737776004,0.03488824612034832,86
142,62,shotPenaltyArea,2015,Newcastle_United,Newcastle United xG stats for the 2015/2016 season ,shotPenaltyArea,shotPenaltyArea,239,31,27.250135144218802,279.0,43.0,36.07673357333988,-8.826598429121079,0.11401730185865608,0.1293072887933329,86
143,63,shotSixYardBox,2015,Newcastle_United,Newcastle United xG stats for the 2015/2016 season ,shotSixYardBox,shotSixYardBox,20,6,6.171537294983864,37.0,9.0,11.875931343063712,-5.704394048079847,0.3085768647491932,0.3209711173801003,86
144,64,ownGoals,2015,Liverpool,Liverpool xG stats for the 2015/2016 season ,ownGoals,ownGoals,1,1,1.0,1.0,1.0,1.0,0.0,1.0,1.0,87
145,65,shotOboxTotal,2015,Liverpool,Liverpool xG stats for the 2015/2016 season ,shotOboxTotal,shotOboxTotal,290,15,8.378331122919919,170.0,6.0,4.888103016186506,3.490228106733412,0.028890796975585917,0.02875354715403827,87
146,66,shotPenaltyArea,2015,Liverpool,Liverpool xG stats for the 2015/2016 season ,shotPenaltyArea,shotPenaltyArea,307,37,33.774905312806375,205.0,34.0,23.254465964622803,10.520439348183572,0.11001597821761032,0.1134364193396234,87
147,67,shotSixYardBox,2015,Liverpool,Liverpool xG stats for the 2015/2016 season ,shotSixYardBox,shotSixYardBox,32,10,12.583224348723887,24.0,9.0,10.213754195719957,2.369470153003931,0.3932257608976215,0.4255730914883316,87
148,68,ownGoals,2015,Manchester_City,Manchester City xG stats for the 2015/2016 season ,ownGoals,ownGoals,0,0,0.0,1.0,1.0,1.0,-1.0,,1.0,88
149,69,shotOboxTotal,2015,Manchester_City,Manchester City xG stats for the 2015/2016 season ,shotOboxTotal,shotOboxTotal,232,14,8.517778435721992,135.0,7.0,4.209784682840109,4.307993752881885,0.03671456222293962,0.031183590243260062,88
150,70,shotPenaltyArea,2015,Manchester_City,Manchester City xG stats for the 2015/2016 season ,shotPenaltyArea,shotPenaltyArea,340,44,42.990435402840376,181.0,25.0,26.454730778001252,16.535704624839127,0.12644245706717758,0.14615873358011738,88
151,71,shotSixYardBox,2015,Manchester_City,Manchester City xG stats for the 2015/2016 season ,shotSixYardBox,shotSixYardBox,43,13,16.070834020152688,21.0,8.0,7.243879605084658,8.826954415068029,0.3737403260500625,0.3449466478611742,88
152,72,ownGoals,2015,Manchester_United,Manchester United xG stats for the 2015/2016 season ,ownGoals,ownGoals,3,3,3.0,2.0,2.0,2.0,1.0,1.0,1.0,89
153,73,shotOboxTotal,2015,Manchester_United,Manchester United xG stats for the 2015/2016 season ,shotOboxTotal,shotOboxTotal,192,5,6.8838180573657155,145.0,4.0,4.802532988600434,2.081285068765282,0.03585321904877977,0.03312091716276161,89
154,74,shotPenaltyArea,2015,Manchester_United,Manchester United xG stats for the 2015/2016 season ,shotPenaltyArea,shotPenaltyArea,218,32,31.69430071860552,240.0,27.0,29.219366490840912,2.4749342277646065,0.14538670054406194,0.1217473603785038,89
155,75,shotSixYardBox,2015,Manchester_United,Manchester United xG stats for the 2015/2016 season ,shotSixYardBox,shotSixYardBox,20,9,7.254598833620548,26.0,2.0,6.175009023398161,1.079589810222387,0.3627299416810274,0.23750034705377546,89
156,76,ownGoals,2015,Watford,Watford xG stats for the 2015/2016 season ,ownGoals,ownGoals,3,3,3.0,2.0,2.0,2.0,1.0,1.0,1.0,90
157,77,shotOboxTotal,2015,Watford,Watford xG stats for the 2015/2016 season ,shotOboxTotal,shotOboxTotal,206,3,6.098559598438443,204.0,7.0,6.830451828427613,-0.7318922299891709,0.029604658244846805,0.03348260700209614,90
158,78,shotPenaltyArea,2015,Watford,Watford xG stats for the 2015/2016 season ,shotPenaltyArea,shotPenaltyArea,220,28,30.778423018753532,263.0,31.0,34.893080612644546,-4.1146575938910255,0.13990192281251604,0.13267331031423785,90
159,79,shotSixYardBox,2015,Watford,Watford xG stats for the 2015/2016 season ,shotSixYardBox,shotSixYardBox,20,6,6.6375232096761465,33.0,10.0,10.561559315770863,-3.924036106094718,0.3318761604838073,0.3200472519930565,90
160,0,ownGoals,2016,Everton,Everton xG stats for the 2016/2017 season ,ownGoals,ownGoals,4,4,4.0,1.0,1.0,1.0,3.0,1.0,1.0,72
161,1,shotOboxTotal,2016,Everton,Everton xG stats for the 2016/2017 season ,shotOboxTotal,shotOboxTotal,198,3,6.15196669427678,179.0,8.0,5.9434096775949,0.20855701668187976,0.031070538859983725,0.03320340602008324,72
162,2,shotPenaltyArea,2016,Everton,Everton xG stats for the 2016/2017 season ,shotPenaltyArea,shotPenaltyArea,271,44,34.54840316344053,241.0,27.0,32.400561666116126,2.147841497324407,0.12748488252192075,0.13444216458969346,72
163,3,shotSixYardBox,2016,Everton,Everton xG stats for the 2016/2017 season ,shotSixYardBox,shotSixYardBox,33,11,9.16457388922572,27.0,8.0,8.149378411471844,1.0151954777538776,0.2777143602795673,0.3018288300545127,72
164,4,ownGoals,2016,Bournemouth,Bournemouth xG stats for the 2016/2017 season ,ownGoals,ownGoals,2,2,2.0,5.0,5.0,5.0,-3.0,1.0,1.0,73
165,5,shotOboxTotal,2016,Bournemouth,Bournemouth xG stats for the 2016/2017 season ,shotOboxTotal,shotOboxTotal,201,4,6.628682524897157,222.0,9.0,7.094682626891881,-0.4660001019947231,0.032978520024363966,0.03195802985086433,73
166,6,shotPenaltyArea,2016,Bournemouth,Bournemouth xG stats for the 2016/2017 season ,shotPenaltyArea,shotPenaltyArea,229,41,35.703004503622644,284.0,32.0,36.78302167961375,-1.0800171759910882,0.1559083166097059,0.12951768197047092,73
167,7,shotSixYardBox,2016,Bournemouth,Bournemouth xG stats for the 2016/2017 season ,shotSixYardBox,shotSixYardBox,23,8,8.740857414901258,46.0,21.0,19.72987797856331,-10.989020563662052,0.3800372789087503,0.4289103908383328,73
168,8,ownGoals,2016,Southampton,Southampton xG stats for the 2016/2017 season ,ownGoals,ownGoals,2,2,2.0,0.0,0.0,0.0,2.0,1.0,,74
169,9,shotOboxTotal,2016,Southampton,Southampton xG stats for the 2016/2017 season ,shotOboxTotal,shotOboxTotal,210,4,6.642509594094008,179.0,5.0,5.434351676143706,1.2081579179503024,0.03163099806711432,0.030359506570635224,74
170,10,shotPenaltyArea,2016,Southampton,Southampton xG stats for the 2016/2017 season ,shotPenaltyArea,shotPenaltyArea,308,27,34.91027296241373,224.0,31.0,26.623103438876573,8.287169523537159,0.11334504208575885,0.11885314035212755,74
171,11,shotSixYardBox,2016,Southampton,Southampton xG stats for the 2016/2017 season ,shotSixYardBox,shotSixYardBox,32,8,8.758674975484611,34.0,12.0,11.156057073734699,-2.39738209825009,0.27370859298389405,0.32811932569807944,74
172,12,ownGoals,2016,Leicester,Leicester xG stats for the 2016/2017 season ,ownGoals,ownGoals,2,2,2.0,2.0,2.0,2.0,0.0,1.0,1.0,75
173,13,shotOboxTotal,2016,Leicester,Leicester xG stats for the 2016/2017 season ,shotOboxTotal,shotOboxTotal,183,9,6.203706442844123,233.0,5.0,6.807916639372706,-0.6042101965285838,0.03390003520679848,0.02921852634923908,75
174,14,shotPenaltyArea,2016,Leicester,Leicester xG stats for the 2016/2017 season ,shotPenaltyArea,shotPenaltyArea,217,29,29.243109072558585,283.0,45.0,33.76244223024696,-4.519333157688378,0.13476087130211328,0.1193019160079398,75
175,15,shotSixYardBox,2016,Leicester,Leicester xG stats for the 2016/2017 season ,shotSixYardBox,shotSixYardBox,33,8,9.620438354089854,37.0,11.0,11.006369238719344,-1.385930884629488,0.2915284349724199,0.2974694388843066,75
176,16,ownGoals,2016,West_Bromwich_Albion,West Bromwich Albion xG stats for the 2016/2017 season ,ownGoals,ownGoals,0,0,0.0,1.0,1.0,1.0,-1.0,,1.0,76
177,17,shotOboxTotal,2016,West_Bromwich_Albion,West Bromwich Albion xG stats for the 2016/2017 season ,shotOboxTotal,shotOboxTotal,158,6,4.539981043897568,221.0,5.0,6.883001252543181,-2.343020208645612,0.028734057239858037,0.031144802047706706,76
178,18,shotPenaltyArea,2016,West_Bromwich_Albion,West Bromwich Albion xG stats for the 2016/2017 season ,shotPenaltyArea,shotPenaltyArea,202,25,22.43318197783083,258.0,37.0,31.31571158114821,-8.882529603317382,0.11105535632589518,0.12137872705871396,76
179,19,shotSixYardBox,2016,West_Bromwich_Albion,West Bromwich Albion xG stats for the 2016/2017 season ,shotSixYardBox,shotSixYardBox,38,12,11.7728856112808,38.0,8.0,9.963282780721784,1.8096028305590155,0.3098127792442316,0.2621916521242575,76
180,20,ownGoals,2016,Sunderland,Sunderland xG stats for the 2016/2017 season ,ownGoals,ownGoals,1,1,1.0,2.0,2.0,2.0,-1.0,1.0,1.0,77
181,21,shotOboxTotal,2016,Sunderland,Sunderland xG stats for the 2016/2017 season ,shotOboxTotal,shotOboxTotal,168,3,5.7026593619957575,277.0,6.0,10.058080851100383,-4.3554214891046295,0.033944400964260456,0.03631076119530825,77
182,22,shotPenaltyArea,2016,Sunderland,Sunderland xG stats for the 2016/2017 season ,shotPenaltyArea,shotPenaltyArea,195,20,23.0229101087898,353.0,46.0,41.302137147635214,-18.279227038845423,0.11806620568610154,0.1170032213814029,77
183,23,shotSixYardBox,2016,Sunderland,Sunderland xG stats for the 2016/2017 season ,shotSixYardBox,shotSixYardBox,24,5,5.572030292823911,45.0,15.0,14.827597595751286,-9.255567302927377,0.2321679288676629,0.329502168794473,77
184,24,ownGoals,2016,Crystal_Palace,Crystal Palace xG stats for the 2016/2017 season ,ownGoals,ownGoals,2,2,2.0,0.0,0.0,0.0,2.0,1.0,,78
185,25,shotOboxTotal,2016,Crystal_Palace,Crystal Palace xG stats for the 2016/2017 season ,shotOboxTotal,shotOboxTotal,162,2,5.0094977458938965,202.0,11.0,6.567519748583436,-1.5580220026895404,0.030922825591937632,0.0325124740028883,78
186,26,shotPenaltyArea,2016,Crystal_Palace,Crystal Palace xG stats for the 2016/2017 season ,shotPenaltyArea,shotPenaltyArea,242,33,28.916364148724824,284.0,39.0,31.82981345616281,-2.913449307437986,0.11948910805258192,0.11207680794423523,78
187,27,shotSixYardBox,2016,Crystal_Palace,Crystal Palace xG stats for the 2016/2017 season ,shotSixYardBox,shotSixYardBox,35,13,11.676708025857804,31.0,13.0,12.173116635531187,-0.4964086096733809,0.33362022931022306,0.3926811817913286,78
188,28,ownGoals,2016,Chelsea,Chelsea xG stats for the 2016/2017 season ,ownGoals,ownGoals,2,2,2.0,1.0,1.0,1.0,1.0,1.0,1.0,80
189,29,shotOboxTotal,2016,Chelsea,Chelsea xG stats for the 2016/2017 season ,shotOboxTotal,shotOboxTotal,216,12,8.319625681266189,145.0,4.0,4.54274777462706,3.776877906639129,0.038516785561417535,0.031329294997427995,80
190,30,shotPenaltyArea,2016,Chelsea,Chelsea xG stats for the 2016/2017 season ,shotPenaltyArea,shotPenaltyArea,334,57,43.50933275464922,156.0,26.0,18.807547253556553,24.701785501092672,0.13026746333727313,0.12056120034331122,80
191,31,shotSixYardBox,2016,Chelsea,Chelsea xG stats for the 2016/2017 season ,shotSixYardBox,shotSixYardBox,30,14,10.595660387538373,22.0,2.0,5.367390224710106,5.228270162828267,0.3531886795846125,0.2439722829413685,80
192,32,ownGoals,2016,West_Ham,West Ham xG stats for the 2016/2017 season ,ownGoals,ownGoals,1,1,1.0,0.0,0.0,0.0,1.0,1.0,,81
193,33,shotOboxTotal,2016,West_Ham,West Ham xG stats for the 2016/2017 season ,shotOboxTotal,shotOboxTotal,230,6,7.383489130996168,177.0,8.0,6.169590946752577,1.2138981842435896,0.032102126656505074,0.034856446026850715,81
194,34,shotPenaltyArea,2016,West_Ham,West Ham xG stats for the 2016/2017 season ,shotPenaltyArea,shotPenaltyArea,225,24,26.515379584394392,291.0,46.0,42.14678549952804,-15.631405915133655,0.11784613148619733,0.14483431443136788,81
195,35,shotSixYardBox,2016,West_Ham,West Ham xG stats for the 2016/2017 season ,shotSixYardBox,shotSixYardBox,43,16,15.763389015570285,36.0,10.0,12.758903769776225,3.004485245794058,0.3665904422225647,0.3544139936048951,81
196,36,ownGoals,2016,Tottenham,Tottenham xG stats for the 2016/2017 season ,ownGoals,ownGoals,2,2,2.0,1.0,1.0,1.0,1.0,1.0,1.0,82
197,37,shotOboxTotal,2016,Tottenham,Tottenham xG stats for the 2016/2017 season ,shotOboxTotal,shotOboxTotal,313,12,10.175832788459957,134.0,2.0,3.624275308102369,6.551557480357587,0.03251064788645353,0.02704683065748037,82
198,38,shotPenaltyArea,2016,Tottenham,Tottenham xG stats for the 2016/2017 season ,shotPenaltyArea,shotPenaltyArea,310,52,42.296180669218295,195.0,14.0,21.805219228379435,20.490961440838877,0.13643929248134934,0.11182163706861244,82
199,39,shotSixYardBox,2016,Tottenham,Tottenham xG stats for the 2016/2017 season ,shotSixYardBox,shotSixYardBox,46,20,18.571921478956934,19.0,9.0,8.832033425569533,9.739888053387405,0.4037374234555856,0.4648438645036597,82
200,40,ownGoals,2016,Arsenal,Arsenal xG stats for the 2016/2017 season ,ownGoals,ownGoals,4,4,4.0,1.0,1.0,1.0,3.0,1.0,1.0,83
201,41,shotOboxTotal,2016,Arsenal,Arsenal xG stats for the 2016/2017 season ,shotOboxTotal,shotOboxTotal,187,7,6.3967807507142425,158.0,4.0,5.194854996167123,1.2019257545471191,0.03420738369365905,0.032878829089665336,83
202,42,shotPenaltyArea,2016,Arsenal,Arsenal xG stats for the 2016/2017 season ,shotPenaltyArea,shotPenaltyArea,338,45,42.97580283507705,245.0,34.0,34.40138596110046,8.574416873976588,0.12714734566590846,0.14041382024938964,83
203,43,shotSixYardBox,2016,Arsenal,Arsenal xG stats for the 2016/2017 season ,shotSixYardBox,shotSixYardBox,41,21,15.57994819059968,29.0,5.0,7.945528099313378,7.6344200912863025,0.3799987363560898,0.2739837275625303,83
204,44,ownGoals,2016,Swansea,Swansea xG stats for the 2016/2017 season ,ownGoals,ownGoals,0,0,0.0,5.0,5.0,5.0,-5.0,,1.0,84
205,45,shotOboxTotal,2016,Swansea,Swansea xG stats for the 2016/2017 season ,shotOboxTotal,shotOboxTotal,158,5,4.7575073377229256,202.0,5.0,7.4389965403825045,-2.6814892026595767,0.03011080593495524,0.036826715546448036,84
206,46,shotPenaltyArea,2016,Swansea,Swansea xG stats for the 2016/2017 season ,shotPenaltyArea,shotPenaltyArea,218,28,23.908730424940586,271.0,39.0,42.04172856826335,-18.132998143322766,0.10967307534376416,0.1551355297721895,84
207,47,shotSixYardBox,2016,Swansea,Swansea xG stats for the 2016/2017 season ,shotSixYardBox,shotSixYardBox,29,12,11.165904818102717,46.0,21.0,17.320731841027733,-6.154827022925018,0.3850312006242316,0.3765376487179943,84
208,48,ownGoals,2016,Stoke,Stoke xG stats for the 2016/2017 season ,ownGoals,ownGoals,4,4,4.0,5.0,5.0,5.0,-1.0,1.0,1.0,85
209,49,shotOboxTotal,2016,Stoke,Stoke xG stats for the 2016/2017 season ,shotOboxTotal,shotOboxTotal,161,5,4.54162636678666,218.0,8.0,7.181921201758088,-2.6402948349714284,0.02820885942103515,0.032944592668615075,85
210,50,shotPenaltyArea,2016,Stoke,Stoke xG stats for the 2016/2017 season ,shotPenaltyArea,shotPenaltyArea,222,21,28.77882474381477,279.0,29.0,29.106113146990534,-0.32728840317577124,0.1296343456928593,0.10432298618993023,85
211,51,shotSixYardBox,2016,Stoke,Stoke xG stats for the 2016/2017 season ,shotSixYardBox,shotSixYardBox,42,11,14.994815327227116,40.0,14.0,12.609710451215506,2.3851048760116096,0.3570194125530265,0.31524276128038764,85
212,52,ownGoals,2016,Liverpool,Liverpool xG stats for the 2016/2017 season ,ownGoals,ownGoals,1,1,1.0,0.0,0.0,0.0,1.0,1.0,,87
213,53,shotOboxTotal,2016,Liverpool,Liverpool xG stats for the 2016/2017 season ,shotOboxTotal,shotOboxTotal,259,13,8.218642256222665,129.0,5.0,3.992069209460169,4.226573046762496,0.031732209483485194,0.030946272941551695,87
214,54,shotPenaltyArea,2016,Liverpool,Liverpool xG stats for the 2016/2017 season ,shotPenaltyArea,shotPenaltyArea,348,53,48.217639532871544,155.0,26.0,24.328444830141958,23.889194702729586,0.13855643543928606,0.15695770858156105,87
215,55,shotSixYardBox,2016,Liverpool,Liverpool xG stats for the 2016/2017 season ,shotSixYardBox,shotSixYardBox,31,11,10.939672481268644,26.0,11.0,10.271557822823523,0.6681146584451199,0.3528926606860853,0.3950599162624432,87
216,56,ownGoals,2016,Manchester_City,Manchester City xG stats for the 2016/2017 season ,ownGoals,ownGoals,5,5,5.0,1.0,1.0,1.0,4.0,1.0,1.0,88
217,57,shotOboxTotal,2016,Manchester_City,Manchester City xG stats for the 2016/2017 season ,shotOboxTotal,shotOboxTotal,241,7,8.901865186169745,119.0,3.0,3.605914575513452,5.295950610656291,0.03693719994261305,0.030301803155575232,88
218,58,shotPenaltyArea,2016,Manchester_City,Manchester City xG stats for the 2016/2017 season ,shotPenaltyArea,shotPenaltyArea,342,52,51.44014411792159,160.0,31.0,20.852924752980467,30.58721936494112,0.15040977812257775,0.13033077970612794,88
219,59,shotSixYardBox,2016,Manchester_City,Manchester City xG stats for the 2016/2017 season ,shotSixYardBox,shotSixYardBox,50,16,20.29010031744837,21.0,4.0,5.6736135091632605,14.616486808285115,0.4058020063489676,0.27017207186491715,88
220,60,ownGoals,2016,Manchester_United,Manchester United xG stats for the 2016/2017 season ,ownGoals,ownGoals,0,0,0.0,1.0,1.0,1.0,-1.0,,1.0,89
221,61,shotOboxTotal,2016,Manchester_United,Manchester United xG stats for the 2016/2017 season ,shotOboxTotal,shotOboxTotal,248,7,7.55121211707592,169.0,5.0,5.732709559611976,1.818502557463944,0.030448435955951286,0.033921358340899266,89
222,62,shotPenaltyArea,2016,Manchester_United,Manchester United xG stats for the 2016/2017 season ,shotPenaltyArea,shotPenaltyArea,298,36,37.14089103229344,167.0,16.0,18.98172214999795,18.15916888229549,0.12463386252447466,0.11366300688621525,89
223,63,shotSixYardBox,2016,Manchester_United,Manchester United xG stats for the 2016/2017 season ,shotSixYardBox,shotSixYardBox,44,11,13.973863214254381,25.0,7.0,6.974775042384863,6.999088171869516,0.3175878003239632,0.2789910016953945,89
224,64,ownGoals,2016,Watford,Watford xG stats for the 2016/2017 season ,ownGoals,ownGoals,1,1,1.0,2.0,2.0,2.0,-1.0,1.0,1.0,90
225,65,shotOboxTotal,2016,Watford,Watford xG stats for the 2016/2017 season ,shotOboxTotal,shotOboxTotal,190,4,5.81455710157752,232.0,8.0,7.470095212105662,-1.6555381105281413,0.03060293211356589,0.032198686259076126,90
226,66,shotPenaltyArea,2016,Watford,Watford xG stats for the 2016/2017 season ,shotPenaltyArea,shotPenaltyArea,210,28,22.53843499347568,274.0,47.0,36.29040969349444,-13.751974700018765,0.10732588092131276,0.13244675070618409,90
227,67,shotSixYardBox,2016,Watford,Watford xG stats for the 2016/2017 season ,shotSixYardBox,shotSixYardBox,22,7,8.222002852708101,31.0,11.0,9.639156371355057,-1.4171535186469555,0.3737274023958228,0.31094052810822764,90
228,68,ownGoals,2016,Hull,Hull xG stats for the 2016/2017 season ,ownGoals,ownGoals,1,1,1.0,5.0,5.0,5.0,-4.0,1.0,1.0,91
229,69,shotOboxTotal,2016,Hull,Hull xG stats for the 2016/2017 season ,shotOboxTotal,shotOboxTotal,162,4,5.126532512716949,262.0,9.0,8.228534854482861,-3.1020023417659104,0.0316452624241787,0.03140662158199565,91
230,70,shotPenaltyArea,2016,Hull,Hull xG stats for the 2016/2017 season ,shotPenaltyArea,shotPenaltyArea,207,24,21.330522410571575,329.0,50.0,48.7348891729489,-27.404366762377318,0.10304600198343757,0.1481303622278082,91
231,71,shotSixYardBox,2016,Hull,Hull xG stats for the 2016/2017 season ,shotSixYardBox,shotSixYardBox,28,8,7.681422119960189,42.0,16.0,16.033851008862257,-8.352428888902066,0.2743365042842925,0.3817583573538633,91
232,72,ownGoals,2016,Burnley,Burnley xG stats for the 2016/2017 season ,ownGoals,ownGoals,0,0,0.0,2.0,2.0,2.0,-2.0,,1.0,92
233,73,shotOboxTotal,2016,Burnley,Burnley xG stats for the 2016/2017 season ,shotOboxTotal,shotOboxTotal,179,8,5.6794299660250545,302.0,5.0,8.478145893663168,-2.7987159276381135,0.03172865902807293,0.0280733307737191,92
234,74,shotPenaltyArea,2016,Burnley,Burnley xG stats for the 2016/2017 season ,shotPenaltyArea,shotPenaltyArea,184,23,21.33777159266174,328.0,31.0,32.40905954223126,-11.071287949569523,0.11596614996011816,0.09880810836046117,92
235,75,shotSixYardBox,2016,Burnley,Burnley xG stats for the 2016/2017 season ,shotSixYardBox,shotSixYardBox,27,8,8.955540657043457,41.0,17.0,15.448910396546125,-6.493369739502668,0.3316866910016095,0.3768026925986861,92
236,76,ownGoals,2016,Middlesbrough,Middlesbrough xG stats for the 2016/2017 season ,ownGoals,ownGoals,1,1,1.0,0.0,0.0,0.0,1.0,1.0,,93
237,77,shotOboxTotal,2016,Middlesbrough,Middlesbrough xG stats for the 2016/2017 season ,shotOboxTotal,shotOboxTotal,150,1,4.242082956247032,214.0,7.0,7.539369015023112,-3.2972860587760806,0.02828055304164688,0.0352306963318837,93
238,78,shotPenaltyArea,2016,Middlesbrough,Middlesbrough xG stats for the 2016/2017 season ,shotPenaltyArea,shotPenaltyArea,176,17,20.74898719508201,299.0,33.0,35.592866824939854,-14.843879629857838,0.1178919726993296,0.11903968837772524,93
239,79,shotSixYardBox,2016,Middlesbrough,Middlesbrough xG stats for the 2016/2017 season ,shotSixYardBox,shotSixYardBox,24,8,6.1925875302404165,39.0,13.0,12.351155277341606,-6.158567747101188,0.258024480426684,0.3166962891626052,93
240,0,ownGoals,2017,Everton,Everton xG stats for the 2017/2018 season ,ownGoals,ownGoals,2,2,2.0,0.0,0.0,0.0,2.0,1.0,,72
241,1,shotOboxTotal,2017,Everton,Everton xG stats for the 2017/2018 season ,shotOboxTotal,shotOboxTotal,128,8,3.684061410371214,241.0,10.0,7.010684915818274,-3.32662350544706,0.028781729768525117,0.02908997890381026,72
242,2,shotPenaltyArea,2017,Everton,Everton xG stats for the 2017/2018 season ,shotPenaltyArea,shotPenaltyArea,203,26,30.21498953830451,262.0,35.0,36.74909163918346,-6.534102100878954,0.14884231299657394,0.14026370854650178,72
243,3,shotSixYardBox,2017,Everton,Everton xG stats for the 2017/2018 season ,shotSixYardBox,shotSixYardBox,26,8,11.325605060905216,38.0,13.0,12.676680397242308,-1.3510753363370895,0.4356001946502007,0.3335968525590081,72
244,4,ownGoals,2017,Bournemouth,Bournemouth xG stats for the 2017/2018 season ,ownGoals,ownGoals,0,0,0.0,1.0,1.0,1.0,-1.0,,1.0,73
245,5,shotOboxTotal,2017,Bournemouth,Bournemouth xG stats for the 2017/2018 season ,shotOboxTotal,shotOboxTotal,193,7,5.5140447271987805,213.0,7.0,7.417333855293691,-1.9032891280949118,0.028570179933672432,0.03482316363987648,73
246,6,shotPenaltyArea,2017,Bournemouth,Bournemouth xG stats for the 2017/2018 season ,shotPenaltyArea,shotPenaltyArea,247,31,26.71774044074118,291.0,38.0,40.12276249658317,-13.405022055841982,0.10816898963862827,0.1378789089229662,73
247,7,shotSixYardBox,2017,Bournemouth,Bournemouth xG stats for the 2017/2018 season ,shotSixYardBox,shotSixYardBox,25,7,8.097593558952212,45.0,15.0,18.45974984951317,-10.36215629056096,0.3239037423580885,0.4102166633225149,73
248,8,ownGoals,2017,Southampton,Southampton xG stats for the 2017/2018 season ,ownGoals,ownGoals,1,1,1.0,0.0,0.0,0.0,1.0,1.0,,74
249,9,shotOboxTotal,2017,Southampton,Southampton xG stats for the 2017/2018 season ,shotOboxTotal,shotOboxTotal,177,3,4.991595103871077,213.0,14.0,6.0686389110051095,-1.0770438071340322,0.028201102281757495,0.02849126249298173,74
250,10,shotPenaltyArea,2017,Southampton,Southampton xG stats for the 2017/2018 season ,shotPenaltyArea,shotPenaltyArea,234,25,26.727733654901385,241.0,25.0,26.22474315669388,0.5029904982075095,0.11422108399530505,0.10881636164603267,74
251,11,shotSixYardBox,2017,Southampton,Southampton xG stats for the 2017/2018 season ,shotSixYardBox,shotSixYardBox,37,8,10.342734836041927,38.0,17.0,15.535487458109856,-5.1927526220679265,0.2795333739470791,0.4088286173186804,74
252,12,ownGoals,2017,Leicester,Leicester xG stats for the 2017/2018 season ,ownGoals,ownGoals,3,3,3.0,2.0,2.0,2.0,1.0,1.0,1.0,75
253,13,shotOboxTotal,2017,Leicester,Leicester xG stats for the 2017/2018 season ,shotOboxTotal,shotOboxTotal,161,7,5.010247648693621,207.0,12.0,5.872897473163903,-0.8626498244702816,0.031119550613003862,0.028371485377603395,75
254,14,shotPenaltyArea,2017,Leicester,Leicester xG stats for the 2017/2018 season ,shotPenaltyArea,shotPenaltyArea,222,32,30.82549630757421,256.0,34.0,33.69692425709218,-2.8714279495179653,0.13885358697105502,0.13162861037926632,75
255,15,shotSixYardBox,2017,Leicester,Leicester xG stats for the 2017/2018 season ,shotSixYardBox,shotSixYardBox,37,14,14.953632479533553,27.0,12.0,10.504061518236997,4.449570961296558,0.4041522291765825,0.3890393154902591,75
256,16,ownGoals,2017,West_Bromwich_Albion,West Bromwich Albion xG stats for the 2017/2018 season ,ownGoals,ownGoals,0,0,0.0,2.0,2.0,2.0,-2.0,,1.0,76
257,17,shotOboxTotal,2017,West_Bromwich_Albion,West Bromwich Albion xG stats for the 2017/2018 season ,shotOboxTotal,shotOboxTotal,144,2,4.146701440215112,229.0,9.0,7.436096931807697,-3.2893954915925865,0.028796537779271606,0.03247203900352706,76
258,18,shotPenaltyArea,2017,West_Bromwich_Albion,West Bromwich Albion xG stats for the 2017/2018 season ,shotPenaltyArea,shotPenaltyArea,190,17,19.175119219347838,247.0,35.0,30.04906924813986,-10.873950028792024,0.10092168010183072,0.12165615080218566,76
259,19,shotSixYardBox,2017,West_Bromwich_Albion,West Bromwich Albion xG stats for the 2017/2018 season ,shotSixYardBox,shotSixYardBox,38,12,12.133310336619616,36.0,10.0,11.856589011847973,0.2767213247716427,0.3192976404373583,0.3293496947735548,76
260,20,ownGoals,2017,Crystal_Palace,Crystal Palace xG stats for the 2017/2018 season ,ownGoals,ownGoals,1,1,1.0,2.0,2.0,2.0,-1.0,1.0,1.0,78
261,21,shotOboxTotal,2017,Crystal_Palace,Crystal Palace xG stats for the 2017/2018 season ,shotOboxTotal,shotOboxTotal,175,6,5.560743972659111,177.0,12.0,5.696580884512514,-0.13583691185340285,0.03177567984376635,0.03218407279385601,78
262,22,shotPenaltyArea,2017,Crystal_Palace,Crystal Palace xG stats for the 2017/2018 season ,shotPenaltyArea,shotPenaltyArea,269,29,39.35152563080192,251.0,29.0,34.621851859614246,4.729673771187663,0.14628819937101084,0.13793566477933966,78
263,23,shotSixYardBox,2017,Crystal_Palace,Crystal Palace xG stats for the 2017/2018 season ,shotSixYardBox,shotSixYardBox,30,9,12.999218424782155,36.0,12.0,13.559996554628015,-0.5607781298458576,0.4333072808260719,0.3766665709618893,78
264,24,ownGoals,2017,Chelsea,Chelsea xG stats for the 2017/2018 season ,ownGoals,ownGoals,2,2,2.0,2.0,2.0,2.0,0.0,1.0,1.0,80
265,25,shotOboxTotal,2017,Chelsea,Chelsea xG stats for the 2017/2018 season ,shotOboxTotal,shotOboxTotal,246,10,8.203784324228764,161.0,2.0,5.242295252159239,2.9614890720695257,0.033348716765157584,0.03256084007552321,80
266,26,shotPenaltyArea,2017,Chelsea,Chelsea xG stats for the 2017/2018 season ,shotPenaltyArea,shotPenaltyArea,323,37,42.06218988914043,197.0,32.0,23.785776874981817,18.27641301415861,0.13022349810879388,0.12073998413696355,80
267,27,shotSixYardBox,2017,Chelsea,Chelsea xG stats for the 2017/2018 season ,shotSixYardBox,shotSixYardBox,37,13,9.473996356129646,19.0,2.0,5.726277217268944,3.747719138860704,0.2560539555710715,0.3013830114352076,80
268,28,ownGoals,2017,West_Ham,West Ham xG stats for the 2017/2018 season ,ownGoals,ownGoals,0,0,0.0,1.0,1.0,1.0,-1.0,,1.0,81
269,29,shotOboxTotal,2017,West_Ham,West Ham xG stats for the 2017/2018 season ,shotOboxTotal,shotOboxTotal,138,9,3.985594339668751,240.0,10.0,7.58132712636143,-3.595732786692679,0.028881118403396744,0.031588863026505966,81
270,30,shotPenaltyArea,2017,West_Ham,West Ham xG stats for the 2017/2018 season ,shotPenaltyArea,shotPenaltyArea,207,30,25.79301035962999,282.0,43.0,37.556439029052854,-11.763428669422865,0.1246039147808212,0.13317886180515195,81
271,31,shotSixYardBox,2017,West_Ham,West Ham xG stats for the 2017/2018 season ,shotSixYardBox,shotSixYardBox,27,9,7.81627656146884,37.0,14.0,13.948975078761578,-6.132698517292737,0.2894917244988459,0.3769993264530156,81
272,32,ownGoals,2017,Tottenham,Tottenham xG stats for the 2017/2018 season ,ownGoals,ownGoals,4,4,4.0,1.0,1.0,1.0,3.0,1.0,1.0,82
273,33,shotOboxTotal,2017,Tottenham,Tottenham xG stats for the 2017/2018 season ,shotOboxTotal,shotOboxTotal,267,10,8.400215622503309,121.0,4.0,4.38121216930449,4.01900345319882,0.03146148173222214,0.0362083650355743,82
274,34,shotPenaltyArea,2017,Tottenham,Tottenham xG stats for the 2017/2018 season ,shotPenaltyArea,shotPenaltyArea,317,44,47.63932922203094,210.0,24.0,23.79808828793466,23.84124093409628,0.15028179565309446,0.11332422994254597,82
275,35,shotSixYardBox,2017,Tottenham,Tottenham xG stats for the 2017/2018 season ,shotSixYardBox,shotSixYardBox,36,16,13.846207346767187,21.0,7.0,8.174450626596807,5.671756720170379,0.38461687074353296,0.3892595536474671,82
276,36,ownGoals,2017,Arsenal,Arsenal xG stats for the 2017/2018 season ,ownGoals,ownGoals,1,1,1.0,0.0,0.0,0.0,1.0,1.0,,83
277,37,shotOboxTotal,2017,Arsenal,Arsenal xG stats for the 2017/2018 season ,shotOboxTotal,shotOboxTotal,226,6,7.446841478347777,146.0,2.0,4.3538429704494765,3.0929985078983013,0.0329506260103884,0.029820842263352583,83
278,38,shotPenaltyArea,2017,Arsenal,Arsenal xG stats for the 2017/2018 season ,shotPenaltyArea,shotPenaltyArea,324,53,46.85070342943072,240.0,38.0,33.207531611435115,13.643171817995608,0.14460093651058864,0.1383647150476463,83
279,39,shotSixYardBox,2017,Arsenal,Arsenal xG stats for the 2017/2018 season ,shotSixYardBox,shotSixYardBox,42,14,19.03289699368179,36.0,11.0,11.722947489470243,7.309949504211545,0.4531642141352807,0.3256374302630623,83
280,40,ownGoals,2017,Swansea,Swansea xG stats for the 2017/2018 season ,ownGoals,ownGoals,1,1,1.0,2.0,2.0,2.0,-1.0,1.0,1.0,84
281,41,shotOboxTotal,2017,Swansea,Swansea xG stats for the 2017/2018 season ,shotOboxTotal,shotOboxTotal,145,4,4.506169958971442,208.0,8.0,6.534433254040778,-2.028263295069337,0.03107703419980304,0.03141554449058066,84
282,42,shotPenaltyArea,2017,Swansea,Swansea xG stats for the 2017/2018 season ,shotPenaltyArea,shotPenaltyArea,165,17,19.06234135851264,283.0,29.0,39.362908240407705,-20.300566881895065,0.11552934156674327,0.1390915485526774,84
283,43,shotSixYardBox,2017,Swansea,Swansea xG stats for the 2017/2018 season ,shotSixYardBox,shotSixYardBox,23,6,7.125031296163797,43.0,17.0,17.338214844465256,-10.213183548301457,0.30978396939842595,0.4032142987084944,84
284,44,ownGoals,2017,Stoke,Stoke xG stats for the 2017/2018 season ,ownGoals,ownGoals,1,1,1.0,2.0,2.0,2.0,-1.0,1.0,1.0,85
285,45,shotOboxTotal,2017,Stoke,Stoke xG stats for the 2017/2018 season ,shotOboxTotal,shotOboxTotal,154,8,5.0478860777802765,217.0,8.0,7.077210478950293,-2.029324401170016,0.03277848102454725,0.03261387317488613,85
286,46,shotPenaltyArea,2017,Stoke,Stoke xG stats for the 2017/2018 season ,shotPenaltyArea,shotPenaltyArea,196,19,23.360639713704586,315.0,45.0,45.41553876968101,-22.054899055976424,0.11918693731481933,0.14417631355454288,85
287,47,shotSixYardBox,2017,Stoke,Stoke xG stats for the 2017/2018 season ,shotSixYardBox,shotSixYardBox,32,7,8.77415869012475,44.0,13.0,14.305109618231654,-5.530950928106903,0.27419245906639844,0.32511612768708303,85
288,48,ownGoals,2017,Newcastle_United,Newcastle United xG stats for the 2017/2018 season ,ownGoals,ownGoals,1,1,1.0,3.0,3.0,3.0,-2.0,1.0,1.0,86
289,49,shotOboxTotal,2017,Newcastle_United,Newcastle United xG stats for the 2017/2018 season ,shotOboxTotal,shotOboxTotal,211,5,6.313696434721353,167.0,4.0,4.996515817940235,1.3171806167811155,0.02992273191811067,0.029919256394851712,86
290,50,shotPenaltyArea,2017,Newcastle_United,Newcastle United xG stats for the 2017/2018 season ,shotPenaltyArea,shotPenaltyArea,207,22,26.685096464119848,260.0,26.0,33.36755435913801,-6.68245789501816,0.1289135094885017,0.1283367475351462,86
291,51,shotSixYardBox,2017,Newcastle_United,Newcastle United xG stats for the 2017/2018 season ,shotSixYardBox,shotSixYardBox,33,11,12.127336690202355,47.0,14.0,15.110787134617569,-2.9834504444152117,0.3674950512182532,0.32150610924718226,86
292,52,ownGoals,2017,Liverpool,Liverpool xG stats for the 2017/2018 season ,ownGoals,ownGoals,2,2,2.0,0.0,0.0,0.0,2.0,1.0,,87
293,53,shotOboxTotal,2017,Liverpool,Liverpool xG stats for the 2017/2018 season ,shotOboxTotal,shotOboxTotal,248,9,8.283007898367941,98.0,3.0,2.7607714147306983,5.522236483637244,0.033399225396644916,0.028171136885007126,87
294,54,shotPenaltyArea,2017,Liverpool,Liverpool xG stats for the 2017/2018 season ,shotPenaltyArea,shotPenaltyArea,342,56,54.50437119137496,163.0,26.0,24.49769609980285,30.006675091572102,0.15936950640752912,0.15029261410921996,87
295,55,shotSixYardBox,2017,Liverpool,Liverpool xG stats for the 2017/2018 season ,shotSixYardBox,shotSixYardBox,46,17,15.790848342701793,20.0,9.0,8.933196514844894,6.857651827856897,0.3432793117978651,0.4466598257422447,87
296,56,ownGoals,2017,Manchester_City,Manchester City xG stats for the 2017/2018 season ,ownGoals,ownGoals,3,3,3.0,2.0,2.0,2.0,1.0,1.0,1.0,88
297,57,shotOboxTotal,2017,Manchester_City,Manchester City xG stats for the 2017/2018 season ,shotOboxTotal,shotOboxTotal,252,13,8.650344379246235,96.0,6.0,2.9273707666434348,5.7229736126028,0.03432676340970728,0.03049344548586912,88
298,58,shotPenaltyArea,2017,Manchester_City,Manchester City xG stats for the 2017/2018 season ,shotPenaltyArea,shotPenaltyArea,355,64,58.746260401792824,118.0,16.0,15.64940981939435,43.096850582398474,0.16548242366702204,0.13262211711351146,88
299,59,shotSixYardBox,2017,Manchester_City,Manchester City xG stats for the 2017/2018 season ,shotSixYardBox,shotSixYardBox,56,26,25.753826828673482,20.0,3.0,6.332890819758178,19.420936008915305,0.4598897647977408,0.31664454098790884,88
300,60,ownGoals,2017,Manchester_United,Manchester United xG stats for the 2017/2018 season ,ownGoals,ownGoals,1,1,1.0,2.0,2.0,2.0,-1.0,1.0,1.0,89
301,61,shotOboxTotal,2017,Manchester_United,Manchester United xG stats for the 2017/2018 season ,shotOboxTotal,shotOboxTotal,213,12,6.9059345331043005,172.0,3.0,4.857212147675456,2.048722385428846,0.03242222785494977,0.02823960550974101,89
302,62,shotPenaltyArea,2017,Manchester_United,Manchester United xG stats for the 2017/2018 season ,shotPenaltyArea,shotPenaltyArea,254,43,36.90226195193827,229.0,14.0,28.385794473811984,8.516467478126287,0.14528449587377273,0.12395543438345845,89
303,63,shotSixYardBox,2017,Manchester_United,Manchester United xG stats for the 2017/2018 season ,shotSixYardBox,shotSixYardBox,45,12,17.21513337828219,32.0,9.0,10.982610210776329,6.23252316750586,0.382558519517382,0.3432065690867603,89
304,64,ownGoals,2017,Watford,Watford xG stats for the 2017/2018 season ,ownGoals,ownGoals,2,2,2.0,1.0,1.0,1.0,1.0,1.0,1.0,90
305,65,shotOboxTotal,2017,Watford,Watford xG stats for the 2017/2018 season ,shotOboxTotal,shotOboxTotal,162,6,5.0135963475331655,138.0,7.0,4.524573333095758,0.4890230144374073,0.03094812560205658,0.0327867632833026,90
306,66,shotPenaltyArea,2017,Watford,Watford xG stats for the 2017/2018 season ,shotPenaltyArea,shotPenaltyArea,244,26,29.56521204207093,230.0,39.0,35.473628295585506,-5.908416253514588,0.12116890181176608,0.1542331665025457,90
307,67,shotSixYardBox,2017,Watford,Watford xG stats for the 2017/2018 season ,shotSixYardBox,shotSixYardBox,31,10,12.290206940844655,41.0,17.0,14.77188035659492,-2.481673415750265,0.3964582884143437,0.3602897647949981,90
308,68,ownGoals,2017,Burnley,Burnley xG stats for the 2017/2018 season ,ownGoals,ownGoals,1,1,1.0,1.0,1.0,1.0,0.0,1.0,1.0,92
309,69,shotOboxTotal,2017,Burnley,Burnley xG stats for the 2017/2018 season ,shotOboxTotal,shotOboxTotal,134,4,4.560185881331564,238.0,3.0,6.8936584373004735,-2.3334725559689105,0.034031237920384795,0.028964951417228883,92
310,70,shotPenaltyArea,2017,Burnley,Burnley xG stats for the 2017/2018 season ,shotPenaltyArea,shotPenaltyArea,212,21,19.533208569977432,296.0,28.0,35.877188635990024,-16.34398006601259,0.09213777627347844,0.12120671836483116,92
311,71,shotSixYardBox,2017,Burnley,Burnley xG stats for the 2017/2018 season ,shotSixYardBox,shotSixYardBox,29,10,9.758408077061176,30.0,7.0,9.804762791842222,-0.04635471478104592,0.3364968302434889,0.3268254263947407,92
312,72,ownGoals,2017,Huddersfield,Huddersfield xG stats for the 2017/2018 season ,ownGoals,ownGoals,3,3,3.0,1.0,1.0,1.0,2.0,1.0,1.0,219
313,73,shotOboxTotal,2017,Huddersfield,Huddersfield xG stats for the 2017/2018 season ,shotOboxTotal,shotOboxTotal,156,1,4.375224031507969,151.0,7.0,4.796302689239383,-0.4210786577314137,0.028046307894281853,0.03176359396847273,219
314,74,shotPenaltyArea,2017,Huddersfield,Huddersfield xG stats for the 2017/2018 season ,shotPenaltyArea,shotPenaltyArea,182,19,20.594969774596397,255.0,37.0,37.97050576005131,-17.375535985454913,0.11315917458569448,0.14890394415706396,219
315,75,shotSixYardBox,2017,Huddersfield,Huddersfield xG stats for the 2017/2018 season ,shotSixYardBox,shotSixYardBox,22,5,7.514195017516612,34.0,13.0,12.283041182905436,-4.768846165388823,0.34155431897802785,0.3612659171442775,219
316,76,ownGoals,2017,Brighton,Brighton xG stats for the 2017/2018 season ,ownGoals,ownGoals,1,1,1.0,5.0,5.0,5.0,-4.0,1.0,1.0,220
317,77,shotOboxTotal,2017,Brighton,Brighton xG stats for the 2017/2018 season ,shotOboxTotal,shotOboxTotal,154,4,3.8959773117676377,251.0,3.0,8.066894092597067,-4.170916780829431,0.025298553972517127,0.032139020289231345,220
318,78,shotPenaltyArea,2017,Brighton,Brighton xG stats for the 2017/2018 season ,shotPenaltyArea,shotPenaltyArea,192,19,23.10667469259352,259.0,37.0,31.60637093801052,-8.499696245416999,0.12034726402392455,0.12203232022397882,220
319,79,shotSixYardBox,2017,Brighton,Brighton xG stats for the 2017/2018 season ,shotSixYardBox,shotSixYardBox,36,10,10.450865752995014,44.0,9.0,14.793774293735625,-4.342908540740609,0.2903018264720837,0.33622214303944603,220
320,0,ownGoals,2018,Everton,Everton xG stats for the 2018/2019 season ,ownGoals,ownGoals,0,0,0.0,2.0,2.0,2.0,-2.0,,1.0,72
321,1,shotOboxTotal,2018,Everton,Everton xG stats for the 2018/2019 season ,shotOboxTotal,shotOboxTotal,113,6,3.6184744155034414,102.0,4.0,3.1390222813934088,0.4794521341100335,0.03202189748233135,0.030774728248954983,72
322,2,shotPenaltyArea,2018,Everton,Everton xG stats for the 2018/2019 season ,shotPenaltyArea,shotPenaltyArea,188,25,25.619390849955373,147.0,22.0,23.16106012277305,2.4583307271823287,0.13627335558486905,0.15755823212770784,72
323,3,shotSixYardBox,2018,Everton,Everton xG stats for the 2018/2019 season ,shotSixYardBox,shotSixYardBox,19,5,6.337482273578644,27.0,8.0,10.726180043071508,-4.3886977694928655,0.3335516986094023,0.39726592752116696,72
324,4,ownGoals,2018,Bournemouth,Bournemouth xG stats for the 2018/2019 season ,ownGoals,ownGoals,0,0,0.0,2.0,2.0,2.0,-2.0,,1.0,73
325,5,shotOboxTotal,2018,Bournemouth,Bournemouth xG stats for the 2018/2019 season ,shotOboxTotal,shotOboxTotal,105,2,3.428258844651282,127.0,3.0,4.5700643016025415,-1.1418054569512606,0.03265008423477411,0.035984758280334976,73
326,6,shotPenaltyArea,2018,Bournemouth,Bournemouth xG stats for the 2018/2019 season ,shotPenaltyArea,shotPenaltyArea,175,30,26.8858354985714,165.0,25.0,22.129216295667,4.756619202904403,0.15363334570612225,0.13411646239798178,73
327,7,shotSixYardBox,2018,Bournemouth,Bournemouth xG stats for the 2018/2019 season ,shotSixYardBox,shotSixYardBox,21,5,7.409021116793156,37.0,14.0,14.290310769341884,-6.88128965254873,0.35281052937110263,0.38622461538761854,73
328,8,ownGoals,2018,Southampton,Southampton xG stats for the 2018/2019 season ,ownGoals,ownGoals,1,1,1.0,3.0,3.0,3.0,-2.0,1.0,1.0,74
329,9,shotOboxTotal,2018,Southampton,Southampton xG stats for the 2018/2019 season ,shotOboxTotal,shotOboxTotal,147,6,3.8541413443163037,115.0,4.0,3.393697306979448,0.4604440373368561,0.02621864860079118,0.02951041136503868,74
330,10,shotPenaltyArea,2018,Southampton,Southampton xG stats for the 2018/2019 season ,shotPenaltyArea,shotPenaltyArea,163,17,21.945502448827032,205.0,28.0,27.3526022862643,-5.407099837437272,0.13463498434863208,0.13342732822567951,74
331,11,shotSixYardBox,2018,Southampton,Southampton xG stats for the 2018/2019 season ,shotSixYardBox,shotSixYardBox,18,3,6.319314615800978,25.0,7.0,8.659371564164758,-2.3400569483637805,0.35107303421116537,0.34637486256659034,74
332,12,ownGoals,2018,Leicester,Leicester xG stats for the 2018/2019 season ,ownGoals,ownGoals,3,3,3.0,0.0,0.0,0.0,3.0,1.0,,75
333,13,shotOboxTotal,2018,Leicester,Leicester xG stats for the 2018/2019 season ,shotOboxTotal,shotOboxTotal,130,4,3.673978713341057,106.0,5.0,3.172345219645649,0.5016334936954081,0.02826137471800813,0.029927785090996688,75
334,14,shotPenaltyArea,2018,Leicester,Leicester xG stats for the 2018/2019 season ,shotPenaltyArea,shotPenaltyArea,154,19,21.67575265001505,165.0,21.0,21.400898188352585,0.2748544616624713,0.14075164058451334,0.12970241326274293,75
335,15,shotSixYardBox,2018,Leicester,Leicester xG stats for the 2018/2019 season ,shotSixYardBox,shotSixYardBox,26,4,5.90605091303587,18.0,5.0,6.199116179719567,-0.2930652666836977,0.22715580434753346,0.3443953433177537,75
336,16,ownGoals,2018,Crystal_Palace,Crystal Palace xG stats for the 2018/2019 season ,ownGoals,ownGoals,1,1,1.0,0.0,0.0,0.0,1.0,1.0,,78
337,17,shotOboxTotal,2018,Crystal_Palace,Crystal Palace xG stats for the 2018/2019 season ,shotOboxTotal,shotOboxTotal,126,4,3.7876537241972974,129.0,5.0,4.4553467351943254,-0.6676930109970272,0.0300607438428357,0.03453757159065369,78
338,18,shotPenaltyArea,2018,Crystal_Palace,Crystal Palace xG stats for the 2018/2019 season ,shotPenaltyArea,shotPenaltyArea,180,20,22.164346698205925,166.0,23.0,24.240546717308455,-2.076200019102544,0.12313525943447733,0.14602738986330402,78
339,19,shotSixYardBox,2018,Crystal_Palace,Crystal Palace xG stats for the 2018/2019 season ,shotSixYardBox,shotSixYardBox,17,1,4.1387711353600025,15.0,5.0,4.739707689732314,-0.6009365543723106,0.2434571256094119,0.3159805126488209,78
340,20,ownGoals,2018,Chelsea,Chelsea xG stats for the 2018/2019 season ,ownGoals,ownGoals,1,1,1.0,0.0,0.0,0.0,1.0,1.0,,80
341,21,shotOboxTotal,2018,Chelsea,Chelsea xG stats for the 2018/2019 season ,shotOboxTotal,shotOboxTotal,144,5,5.245757675729691,85.0,4.0,2.3619569209404294,2.883800754789263,0.03642887274812286,0.027787728481652105,80
342,22,shotPenaltyArea,2018,Chelsea,Chelsea xG stats for the 2018/2019 season ,shotPenaltyArea,shotPenaltyArea,230,35,31.538405886851248,120.0,15.0,16.298327278345823,15.240078608505428,0.13712350385587502,0.1358193939862152,80
343,23,shotSixYardBox,2018,Chelsea,Chelsea xG stats for the 2018/2019 season ,shotSixYardBox,shotSixYardBox,20,4,7.185033421963452,18.0,4.0,4.856632389128208,2.328401032835245,0.3592516710981727,0.2698129105071227,80
344,24,ownGoals,2018,West_Ham,West Ham xG stats for the 2018/2019 season ,ownGoals,ownGoals,1,1,1.0,1.0,1.0,1.0,0.0,1.0,1.0,81
345,25,shotOboxTotal,2018,West_Ham,West Ham xG stats for the 2018/2019 season ,shotOboxTotal,shotOboxTotal,100,5,3.3278114176355302,126.0,3.0,3.684292115271092,-0.35648069763556123,0.0332781141763553,0.02924041361326263,81
346,26,shotPenaltyArea,2018,West_Ham,West Ham xG stats for the 2018/2019 season ,shotPenaltyArea,shotPenaltyArea,152,18,19.9257249776274,158.0,21.0,22.592888521030545,-2.6671635434031487,0.1310902959054434,0.14299296532297814,81
347,27,shotSixYardBox,2018,West_Ham,West Ham xG stats for the 2018/2019 season ,shotSixYardBox,shotSixYardBox,22,6,5.769667532294989,32.0,12.0,13.360325992107393,-7.590658459812403,0.2622576151043177,0.417510187253356,81
348,28,ownGoals,2018,Tottenham,Tottenham xG stats for the 2018/2019 season ,ownGoals,ownGoals,1,1,1.0,1.0,1.0,1.0,0.0,1.0,1.0,82
349,29,shotOboxTotal,2018,Tottenham,Tottenham xG stats for the 2018/2019 season ,shotOboxTotal,shotOboxTotal,112,10,3.704057150520384,111.0,2.0,2.8718897979706526,0.8321673525497317,0.033071938843932,0.02587288106279868,82
350,30,shotPenaltyArea,2018,Tottenham,Tottenham xG stats for the 2018/2019 season ,shotPenaltyArea,shotPenaltyArea,190,27,27.39665848761797,179.0,19.0,22.69070539064705,4.705953096970916,0.14419293940851566,0.12676371726618466,82
351,31,shotSixYardBox,2018,Tottenham,Tottenham xG stats for the 2018/2019 season ,shotSixYardBox,shotSixYardBox,36,13,13.87533697951585,11.0,2.0,3.6043307185173035,10.271006260998547,0.3854260272087736,0.3276664289561185,82
352,32,ownGoals,2018,Arsenal,Arsenal xG stats for the 2018/2019 season ,ownGoals,ownGoals,4,4,4.0,1.0,1.0,1.0,3.0,1.0,1.0,83
353,33,shotOboxTotal,2018,Arsenal,Arsenal xG stats for the 2018/2019 season ,shotOboxTotal,shotOboxTotal,111,9,3.498305360786617,142.0,2.0,4.318960021715611,-0.8206546609289944,0.03151626451159114,0.030415211420532474,83
354,34,shotPenaltyArea,2018,Arsenal,Arsenal xG stats for the 2018/2019 season ,shotPenaltyArea,shotPenaltyArea,167,29,26.41602814756334,165.0,27.0,24.657110502012078,1.7589176455512645,0.15817980926684633,0.14943703334552771,83
355,35,shotSixYardBox,2018,Arsenal,Arsenal xG stats for the 2018/2019 season ,shotSixYardBox,shotSixYardBox,30,9,11.306933963671328,15.0,6.0,5.954437257722019,5.3524967059493065,0.3768977987890442,0.39696248384813465,83
356,36,ownGoals,2018,Newcastle_United,Newcastle United xG stats for the 2018/2019 season ,ownGoals,ownGoals,1,1,1.0,1.0,1.0,1.0,0.0,1.0,1.0,86
357,37,shotOboxTotal,2018,Newcastle_United,Newcastle United xG stats for the 2018/2019 season ,shotOboxTotal,shotOboxTotal,110,0,2.940077839884907,113.0,4.0,3.439161343500018,-0.4990835036151111,0.026727980362590064,0.030435056137168306,86
358,38,shotPenaltyArea,2018,Newcastle_United,Newcastle United xG stats for the 2018/2019 season ,shotPenaltyArea,shotPenaltyArea,139,16,15.655584534164515,206.0,18.0,27.231352565810084,-11.575768031645564,0.11263010456233465,0.1321910318728645,86
359,39,shotSixYardBox,2018,Newcastle_United,Newcastle United xG stats for the 2018/2019 season ,shotSixYardBox,shotSixYardBox,14,4,5.020913261920214,33.0,10.0,10.968141600489616,-5.947228338569403,0.35863666156572954,0.3323679272875641,86
360,40,ownGoals,2018,Liverpool,Liverpool xG stats for the 2018/2019 season ,ownGoals,ownGoals,2,2,2.0,0.0,0.0,0.0,2.0,1.0,,87
361,41,shotOboxTotal,2018,Liverpool,Liverpool xG stats for the 2018/2019 season ,shotOboxTotal,shotOboxTotal,127,4,4.6381400427781045,72.0,0.0,1.827849876601249,2.810290166176856,0.03652078773841027,0.025386803841684014,87
362,42,shotPenaltyArea,2018,Liverpool,Liverpool xG stats for the 2018/2019 season ,shotPenaltyArea,shotPenaltyArea,202,34,32.227209707722075,103.0,11.0,11.94146508257836,20.285744625143707,0.15954064211743602,0.11593655419978993,87
363,43,shotSixYardBox,2018,Liverpool,Liverpool xG stats for the 2018/2019 season ,shotSixYardBox,shotSixYardBox,32,15,15.499726064503193,18.0,3.0,6.1988536063581705,9.300872458145024,0.4843664395157248,0.34438075590878725,87
364,44,ownGoals,2018,Manchester_City,Manchester City xG stats for the 2018/2019 season ,ownGoals,ownGoals,4,4,4.0,0.0,0.0,0.0,4.0,1.0,,88
365,45,shotOboxTotal,2018,Manchester_City,Manchester City xG stats for the 2018/2019 season ,shotOboxTotal,shotOboxTotal,141,9,5.015131342690439,54.0,1.0,1.374226245097816,3.640905097592622,0.035568307394967635,0.02544863416847808,88
366,46,shotPenaltyArea,2018,Manchester_City,Manchester City xG stats for the 2018/2019 season ,shotPenaltyArea,shotPenaltyArea,250,36,37.884971288964145,94.0,12.0,12.72286927793175,25.16210201103241,0.15153988515585662,0.1353496731694867,88
367,47,shotSixYardBox,2018,Manchester_City,Manchester City xG stats for the 2018/2019 season ,shotSixYardBox,shotSixYardBox,42,17,18.841526754200466,16.0,7.0,6.229690034873784,12.611836719326675,0.4486077798619157,0.3893556271796115,88
368,48,ownGoals,2018,Manchester_United,Manchester United xG stats for the 2018/2019 season ,ownGoals,ownGoals,0,0,0.0,2.0,2.0,2.0,-2.0,,1.0,89
369,49,shotOboxTotal,2018,Manchester_United,Manchester United xG stats for the 2018/2019 season ,shotOboxTotal,shotOboxTotal,132,6,4.009809621144087,143.0,3.0,4.590335318818688,-0.5805256976746023,0.030377345614727925,0.032100246984746075,89
370,50,shotPenaltyArea,2018,Manchester_United,Manchester United xG stats for the 2018/2019 season ,shotPenaltyArea,shotPenaltyArea,187,31,33.11330182477832,160.0,23.0,22.78562940191477,10.327672422863543,0.17707648034640813,0.14241018376196735,89
371,51,shotSixYardBox,2018,Manchester_United,Manchester United xG stats for the 2018/2019 season ,shotSixYardBox,shotSixYardBox,28,12,10.32411750778556,25.0,7.0,8.729733642190695,1.594383865594864,0.3687184824209128,0.3491893456876278,89
372,52,ownGoals,2018,Watford,Watford xG stats for the 2018/2019 season ,ownGoals,ownGoals,1,1,1.0,3.0,3.0,3.0,-2.0,1.0,1.0,90
373,53,shotOboxTotal,2018,Watford,Watford xG stats for the 2018/2019 season ,shotOboxTotal,shotOboxTotal,107,7,4.245726486667992,107.0,3.0,3.5705587239935994,0.6751677626743913,0.03967968679128963,0.03336970770087476,90
374,54,shotPenaltyArea,2018,Watford,Watford xG stats for the 2018/2019 season ,shotPenaltyArea,shotPenaltyArea,165,21,24.38894178159535,171.0,18.0,24.667322490829967,-0.2783807092346251,0.14781176837330515,0.1442533478995905,90
375,55,shotSixYardBox,2018,Watford,Watford xG stats for the 2018/2019 season ,shotSixYardBox,shotSixYardBox,18,4,6.70093797147274,25.0,10.0,8.3971883431077,-1.6962503716349602,0.3722743317484856,0.335887533724308,90
376,56,ownGoals,2018,Burnley,Burnley xG stats for the 2018/2019 season ,ownGoals,ownGoals,2,2,2.0,1.0,1.0,1.0,1.0,1.0,1.0,92
377,57,shotOboxTotal,2018,Burnley,Burnley xG stats for the 2018/2019 season ,shotOboxTotal,shotOboxTotal,77,0,2.0367925399914384,180.0,12.0,5.1561680287122735,-3.1193754887208343,0.02645185116871997,0.028645377937290405,92
378,58,shotPenaltyArea,2018,Burnley,Burnley xG stats for the 2018/2019 season ,shotPenaltyArea,shotPenaltyArea,124,12,15.42163868714124,236.0,29.0,32.81294026225805,-17.391301575116813,0.1243680539285584,0.13903788246719515,92
379,59,shotSixYardBox,2018,Burnley,Burnley xG stats for the 2018/2019 season ,shotSixYardBox,shotSixYardBox,36,12,11.974695455282927,33.0,4.0,8.603797987103464,3.3708974681794643,0.33263042931341463,0.2607211511243473,92
380,60,ownGoals,2018,Huddersfield,Huddersfield xG stats for the 2018/2019 season ,ownGoals,ownGoals,1,1,1.0,1.0,1.0,1.0,0.0,1.0,1.0,219
381,61,shotOboxTotal,2018,Huddersfield,Huddersfield xG stats for the 2018/2019 season ,shotOboxTotal,shotOboxTotal,114,4,2.9837399404495955,108.0,6.0,4.1300817150622615,-1.1463417746126652,0.026173157372364874,0.0382414973616876,219
382,62,shotPenaltyArea,2018,Huddersfield,Huddersfield xG stats for the 2018/2019 season ,shotPenaltyArea,shotPenaltyArea,150,6,11.818241859786212,182.0,33.0,27.613871856592606,-15.795629996806385,0.07878827906524141,0.15172457064061864,219
383,63,shotSixYardBox,2018,Huddersfield,Huddersfield xG stats for the 2018/2019 season ,shotSixYardBox,shotSixYardBox,7,2,2.1028760680928817,25.0,6.0,8.951192485168576,-6.848316417075694,0.3004108668704118,0.35804769940674297,219
384,64,shotOboxTotal,2018,Brighton,Brighton xG stats for the 2018/2019 season ,shotOboxTotal,shotOboxTotal,87,0,2.6267118863761425,148.0,4.0,4.668694933410733,-2.0419830470345914,0.030192090648001636,0.03154523603655901,220
385,65,shotPenaltyArea,2018,Brighton,Brighton xG stats for the 2018/2019 season ,shotPenaltyArea,shotPenaltyArea,140,20,19.278603816404946,206.0,23.0,26.41682342812419,-7.138219611719251,0.13770431297432098,0.1282370069326417,220
386,66,shotSixYardBox,2018,Brighton,Brighton xG stats for the 2018/2019 season ,shotSixYardBox,shotSixYardBox,19,7,5.6614320036023855,30.0,9.0,10.48147935420275,-4.820047350600363,0.29797010545275715,0.3493826451400916,220
387,67,shotOboxTotal,2018,Cardiff,Cardiff xG stats for the 2018/2019 season ,shotOboxTotal,shotOboxTotal,106,3,2.828670235350728,124.0,9.0,3.8238923945464194,-0.9952221591956912,0.026685568258025736,0.030837841891503383,227
388,68,shotPenaltyArea,2018,Cardiff,Cardiff xG stats for the 2018/2019 season ,shotPenaltyArea,shotPenaltyArea,145,12,15.1495589078404,221.0,30.0,33.03324589226395,-17.883686984423548,0.10447971660579587,0.1494717008699726,227
389,69,shotSixYardBox,2018,Cardiff,Cardiff xG stats for the 2018/2019 season ,shotSixYardBox,shotSixYardBox,25,7,9.582068661227822,18.0,7.0,5.443970983847977,4.138097677379847,0.3832827464491129,0.3024428324359987,227
390,70,ownGoals,2018,Fulham,Fulham xG stats for the 2018/2019 season ,ownGoals,ownGoals,1,1,1.0,3.0,3.0,3.0,-2.0,1.0,1.0,228
391,71,shotOboxTotal,2018,Fulham,Fulham xG stats for the 2018/2019 season ,shotOboxTotal,shotOboxTotal,144,3,3.696032445412129,125.0,7.0,4.003921380266546,-0.30788893485441804,0.025666891982028674,0.032031371042132384,228
392,72,shotPenaltyArea,2018,Fulham,Fulham xG stats for the 2018/2019 season ,shotPenaltyArea,shotPenaltyArea,149,16,19.9337704051286,224.0,35.0,32.57191108819097,-12.638140683062375,0.13378369399415166,0.14541031735799542,228
393,73,shotSixYardBox,2018,Fulham,Fulham xG stats for the 2018/2019 season ,shotSixYardBox,shotSixYardBox,18,5,4.4530103197321305,26.0,10.0,11.635805558413267,-7.182795238681138,0.2473894622073405,0.4475309830158949,228
394,74,ownGoals,2018,Wolverhampton_Wanderers,Wolverhampton Wanderers xG stats for the 2018/2019 season ,ownGoals,ownGoals,0,0,0.0,3.0,3.0,3.0,-3.0,,1.0,229
395,75,shotOboxTotal,2018,Wolverhampton_Wanderers,Wolverhampton Wanderers xG stats for the 2018/2019 season ,shotOboxTotal,shotOboxTotal,133,2,3.6515579959377646,149.0,8.0,4.258364362642169,-0.6068063667044044,0.02745532327772756,0.028579626594913886,229
396,76,shotPenaltyArea,2018,Wolverhampton_Wanderers,Wolverhampton Wanderers xG stats for the 2018/2019 season ,shotPenaltyArea,shotPenaltyArea,165,23,24.21815563272685,142.0,14.0,16.336837442591783,7.881318190135063,0.14677670080440516,0.11504815100416753,229
397,77,shotSixYardBox,2018,Wolverhampton_Wanderers,Wolverhampton Wanderers xG stats for the 2018/2019 season ,shotSixYardBox,shotSixYardBox,20,8,5.6834099031984815,21.0,7.0,6.0620597237721086,-0.378649820573628,0.28417049515992404,0.2886695106558147,229
